web_name,team,pos,price,owned_pct,total_points,form,minutes,starts,goals_scored,assists,expected_goals,expected_assists,expected_goal_involvements,expected_goals_conceded,defensive_contribution,transfers_in_event,transfers_out_event,net_transfers_event,cost_change_event,status,chance_of_playing_next_round
João Pedro,CHE,FWD,7.8,74.9,33,8.2,360,4,3,3,2.17,0.19,2.36,6.17,9,144695,9657,135038,0.1,a,
Haaland,MCI,FWD,15.5,72.1,33,8.2,360,4,4,0,3.33,0.51,3.84,3.68,18,62629,11716,50913,0.0,a,
Calafiori,ARS,DEF,5.8,50.0,28,7.0,326,4,0,2,0.60,0.59,1.19,2.45,13,115222,23619,91603,0.0,a,
B.Fernandes,MUN,MID,12.0,42.1,29,7.2,360,4,3,1,2.28,1.13,3.41,5.18,23,28707,102517,-73810,0.0,a,
Raya,ARS,GKP,6.0,40.1,29,7.2,360,4,0,0,0.00,0.01,0.01,2.72,0,114656,19421,95235,0.0,a,
Rogers,CHE,MID,7.7,36.9,27,6.8,347,4,3,1,1.39,1.16,2.55,6.08,23,295325,15974,279351,0.1,a,
Szoboszlai,LIV,MID,7.0,36.8,18,4.5,360,4,1,0,1.29,0.80,2.09,5.33,35,24892,196663,-171771,0.0,a,
Cherki,MCI,MID,7.8,28.7,26,6.5,218,3,2,2,0.59,1.41,2.00,1.82,7,53187,112143,-58956,0.0,a,
Palmer,CHE,MID,9.7,26.8,26,6.5,352,4,2,2,1.18,0.61,1.79,6.08,23,63299,59054,4245,0.0,a,100
Gabriel,ARS,DEF,8.0,23.6,24,6.0,360,4,0,0,0.51,0.06,0.57,2.72,32,18137,42491,-24354,0.0,a,
De Cuyper,BHA,DEF,4.8,23.2,32,8.0,333,4,1,3,1.53,0.44,1.97,6.95,9,157622,38783,118839,0.0,a,
Mbeumo,MUN,MID,7.9,23.1,23,5.8,360,4,2,1,2.80,0.55,3.35,5.18,22,33387,85282,-51895,0.0,a,
Isak,LIV,FWD,9.1,22.3,25,6.2,333,4,3,0,2.79,0.06,2.85,5.16,6,45300,90594,-45294,0.0,a,
Verbruggen,BHA,GKP,4.5,22.1,17,4.2,360,4,0,0,0.00,0.20,0.20,7.04,0,30333,46700,-16367,0.0,a,
Gvardiol,MCI,DEF,5.7,22.1,33,8.2,344,4,1,2,0.22,0.11,0.33,3.68,24,185674,14890,170784,0.1,a,
Calvert-Lewin,LEE,FWD,6.0,21.8,20,5.0,306,4,2,1,2.38,0.08,2.46,3.47,14,39142,73145,-34003,0.0,a,
Ødegaard,ARS,MID,6.7,19.0,27,6.8,305,4,2,0,1.01,1.30,2.31,2.46,21,125207,42359,82848,0.0,a,
Wissa,NEW,FWD,6.2,18.6,14,3.5,315,4,1,1,1.35,0.05,1.40,5.65,20,95013,46237,48776,0.0,a,
Guéhi,MCI,DEF,6.0,18.5,26,6.5,360,4,1,0,0.89,0.38,1.27,3.68,25,31801,27221,4580,0.0,a,
Kinsky,TOT,GKP,4.5,18.5,16,4.0,360,4,0,0,0.00,0.00,0.00,6.62,0,33481,29498,3983,0.0,a,
Konsa,ARS,DEF,4.5,17.8,11,2.8,191,2,0,0,0.00,0.01,0.01,2.19,19,136622,18943,117679,0.0,a,
Groß,BHA,MID,5.6,17.7,33,8.2,360,4,2,3,1.66,0.61,2.27,7.04,21,181678,34336,147342,0.0,a,
Dubravka,TOT,GKP,4.0,17.7,0,0.0,0,0,0,0,0.00,0.00,0.00,0.00,0,19452,30960,-11508,0.0,a,
Virgil,LIV,DEF,6.5,16.8,17,4.2,360,4,0,0,0.25,0.07,0.32,5.33,35,15702,29654,-13952,0.0,a,
Semenyo,MCI,MID,8.4,15.7,16,4.0,360,4,0,2,0.17,0.99,1.16,3.68,15,11156,63169,-52013,0.0,a,
Tzolis,ARS,MID,6.4,15.0,14,3.5,290,4,0,2,0.19,0.48,0.67,1.96,20,12942,110366,-97424,0.0,a,
Hall,NEW,DEF,5.2,14.6,18,4.5,323,4,0,1,0.05,0.67,0.72,6.80,35,87813,22927,64886,0.0,a,
Diop,IPS,DEF,4.0,13.9,8,2.0,360,4,0,0,0.00,0.15,0.15,6.74,35,8013,39337,-31324,0.0,a,
Ajayi,HUL,DEF,4.2,13.5,26,6.5,333,4,1,0,0.65,0.00,0.65,4.99,23,117802,29720,88082,0.0,a,100
Tarkowski,EVE,DEF,6.1,12.9,29,7.2,360,4,1,0,0.17,0.03,0.20,5.50,39,129868,13734,116134,0.1,a,
Rice,ARS,MID,7.4,12.8,19,4.8,321,4,0,2,0.10,0.63,0.73,2.19,34,10790,32082,-21292,0.0,a,
O'Reilly,MCI,DEF,6.4,12.7,5,1.2,158,2,0,0,0.09,0.43,0.52,1.71,3,5337,69407,-64070,0.0,a,100
M.Sangaré,BRE,MID,5.7,12.4,22,5.5,300,4,0,2,0.41,0.65,1.06,4.03,45,11784,77566,-65782,0.0,a,
Gakpo,LIV,MID,7.2,12.2,29,7.2,280,3,1,3,0.44,1.22,1.66,4.72,27,50254,76515,-26261,0.0,a,100
Saka,ARS,MID,9.5,11.9,30,7.5,336,4,3,0,2.88,0.43,3.31,2.58,29,65514,20853,44661,0.0,a,
Elanga,NEW,MID,6.2,11.4,18,4.5,232,3,2,0,0.42,0.34,0.76,4.01,9,52706,49188,3518,0.0,i,0
Lammens,MUN,GKP,4.9,11.0,7,1.8,360,4,0,0,0.00,0.00,0.00,5.18,0,6417,47814,-41397,-0.1,a,
Gibbs-White,NFO,MID,7.9,10.9,26,6.5,360,4,1,2,1.56,1.02,2.58,4.10,19,154491,13236,141255,0.0,a,100
Shaw,MUN,DEF,4.4,10.8,7,1.8,252,3,0,1,0.02,0.51,0.53,3.01,20,1257,113029,-111772,0.0,d,75
Tzolakis,HUL,GKP,4.6,10.6,28,7.0,360,4,0,0,0.00,0.00,0.00,5.96,0,65707,20749,44958,0.0,a,
Maguire,MUN,DEF,4.9,10.3,8,2.0,360,4,0,1,0.19,0.43,0.62,5.18,26,6080,46867,-40787,0.0,a,
van Ewijk,COV,DEF,4.0,10.2,6,1.5,360,4,0,0,0.00,0.30,0.30,7.53,27,6427,39687,-33260,0.0,a,
Thiago,BRE,FWD,7.9,9.9,5,1.2,352,4,0,0,2.41,0.13,2.54,5.42,16,4327,89062,-84735,0.0,a,
Pedro Porro,TOT,DEF,5.5,9.6,8,2.0,180,2,0,0,0.36,0.16,0.52,1.64,8,905,104826,-103921,0.0,d,75
Thomas,COV,DEF,4.0,9.0,15,3.8,347,4,0,0,0.43,0.26,0.69,6.99,39,13930,24705,-10775,0.0,a,
Pickford,EVE,GKP,5.5,8.8,17,4.2,360,4,0,0,0.00,0.02,0.02,5.50,0,24508,15413,9095,0.0,a,
N.Williams,NFO,DEF,5.0,8.4,17,4.2,360,4,0,1,0.32,0.40,0.72,4.10,27,29750,15397,14353,0.0,a,
Kayode,BRE,DEF,4.6,8.3,17,4.2,226,3,1,0,0.55,0.36,0.91,2.69,14,8641,58981,-50340,0.0,a,
Hughes,CRY,MID,4.5,8.1,2,0.5,29,0,0,0,0.00,0.04,0.04,1.12,7,4939,37156,-32217,0.0,a,
Ndiaye,MCI,MID,5.9,8.1,17,4.2,311,3,0,1,0.28,0.44,0.72,6.27,40,12100,75138,-63038,0.0,a,
Havertz,ARS,FWD,7.6,8.0,17,4.2,347,4,2,0,0.89,0.35,1.24,2.60,10,35634,38254,-2620,0.1,a,
Donnarumma,MCI,GKP,5.5,7.6,17,4.2,360,4,0,0,0.00,0.00,0.00,3.68,0,15617,16455,-838,0.0,a,
Lacroix,CHE,DEF,6.0,7.5,10,2.5,274,3,0,1,0.02,0.21,0.23,5.28,35,3563,54147,-50584,0.0,a,
Mendy,HUL,DEF,4.1,7.5,25,6.2,249,4,1,0,0.32,0.00,0.32,4.02,39,11063,59214,-48151,0.0,d,50
James,CHE,DEF,5.4,7.3,3,0.8,292,3,0,0,0.33,0.26,0.59,4.90,13,8340,48912,-40572,0.0,a,
Wirtz,LIV,MID,7.4,7.1,12,3.0,332,4,0,1,0.78,0.35,1.13,4.16,28,2118,66369,-64251,0.0,a,
White,ARS,DEF,5.5,6.9,21,5.2,315,4,0,1,0.18,0.29,0.47,1.15,18,13361,83756,-70395,0.0,a,100
Van Hecke,TOT,DEF,4.9,6.8,18,4.5,360,4,0,0,0.34,0.12,0.46,6.62,34,15624,13515,2109,0.0,a,
Egan,HUL,DEF,4.1,6.7,25,6.2,360,4,0,0,0.04,0.00,0.04,5.96,55,44336,14505,29831,0.0,a,
Mitchell,CRY,DEF,4.5,6.5,17,4.2,329,4,2,0,0.77,0.24,1.01,7.03,17,11578,23537,-11959,0.0,a,
Barry,EVE,FWD,5.6,6.5,14,3.5,327,4,1,0,2.98,0.14,3.12,3.58,12,51232,27367,23865,0.0,a,
Kelleher,BRE,GKP,5.0,6.4,14,3.5,360,4,0,0,0.00,0.01,0.01,5.49,0,4103,25082,-20979,0.0,a,
Brobbey,SUN,FWD,5.8,6.3,7,1.8,309,4,0,0,0.59,0.07,0.66,5.36,11,5127,55691,-50564,0.0,a,
Cunha,MUN,MID,7.9,6.2,16,4.0,317,4,0,2,0.58,0.44,1.02,3.82,10,4959,31193,-26234,0.0,a,
Scott,BOU,MID,6.1,5.9,28,7.0,356,4,1,2,0.52,0.35,0.87,5.17,52,32939,28523,4416,0.0,a,
Kusi-Asare,FUL,FWD,4.5,5.9,0,0.0,0,0,0,0,0.00,0.00,0.00,0.00,0,10075,21209,-11134,0.0,a,
Davis,IPS,DEF,4.0,5.9,23,5.8,360,4,2,2,1.17,0.44,1.61,6.74,19,87905,8544,79361,0.0,a,
Cash,AVL,DEF,4.5,5.6,7,1.8,251,3,0,0,0.15,0.04,0.19,5.03,14,462,55432,-54970,0.0,d,75
Slater,HUL,MID,4.5,5.6,13,3.2,360,4,0,1,0.08,0.56,0.64,5.96,30,27068,21927,5141,0.0,a,
Muñoz,NFO,DEF,5.4,5.5,3,0.8,175,2,0,0,0.48,0.19,0.67,1.92,12,11872,19021,-7149,0.0,a,
Trafford,LEE,GKP,5.0,5.4,16,4.0,324,4,0,0,0.00,0.00,0.00,4.79,0,8046,12050,-4004,0.0,a,
Schade,BRE,MID,6.0,5.3,30,7.5,357,4,3,0,0.98,0.30,1.28,5.49,27,153781,13792,139989,0.0,a,
Martinez,CHE,GKP,5.0,5.0,7,1.8,270,3,0,0,0.00,0.01,0.01,4.84,0,8760,23821,-15061,0.0,a,
Tavernier,BOU,MID,6.1,4.9,29,7.2,350,4,3,0,1.70,0.81,2.51,5.14,36,115881,13698,102183,0.1,a,
Dewsbury-Hall,EVE,MID,6.5,4.9,17,4.2,360,4,1,0,0.62,0.49,1.11,5.46,35,42724,21634,21090,0.0,a,
Gomez,BHA,MID,5.0,4.7,16,4.0,348,4,0,2,0.79,0.76,1.55,7.01,23,5370,26958,-21588,0.0,a,
Ajer,BRE,DEF,4.5,4.4,14,3.5,360,4,0,0,0.13,0.03,0.16,5.49,41,4260,22886,-18626,0.0,a,
Steele,BHA,GKP,4.0,4.2,0,0.0,0,0,0,0,0.00,0.00,0.00,0.00,0,7034,7371,-337,0.0,a,
Anderson,MCI,MID,6.3,4.2,13,3.2,323,4,0,0,0.09,0.65,0.74,3.58,45,8380,15038,-6658,0.0,a,100
Palmer,IPS,GKP,4.0,4.1,0,0.0,0,0,0,0,0.00,0.00,0.00,0.00,0,3409,7316,-3907,0.0,a,
Senesi,TOT,DEF,5.8,4.1,3,0.8,90,1,0,0,0.00,0.02,0.02,3.87,16,1046,31892,-30846,-0.1,a,
E.Le Fée,SUN,MID,5.8,4.1,13,3.2,348,4,1,0,2.06,0.82,2.88,5.64,18,2056,34518,-32462,0.0,a,
Xhaka,SUN,MID,5.5,4.1,19,4.8,360,4,0,1,0.06,0.94,1.00,5.84,46,5846,22568,-16722,0.0,a,
Muharemović,LEE,DEF,5.0,3.9,20,5.0,324,4,0,1,0.09,0.04,0.13,4.79,45,8183,7606,577,0.0,a,
A.Becker,LIV,GKP,5.5,3.9,19,4.8,360,4,0,0,0.00,0.00,0.00,5.33,0,9270,8209,1061,0.0,a,
Van de Ven,TOT,DEF,5.0,3.9,15,3.8,270,3,0,0,0.57,0.04,0.61,2.75,23,12847,6783,6064,0.0,a,100
Gonzalo,FUL,FWD,6.0,3.7,12,3.0,346,4,1,0,1.64,0.25,1.89,7.04,16,9541,27525,-17984,0.0,a,
Yalcouyé,BHA,MID,4.5,3.6,19,4.8,231,3,2,0,1.42,0.27,1.69,6.43,18,44740,12833,31907,0.0,a,
Walle Egeli,IPS,FWD,4.5,3.6,1,0.2,10,0,0,0,0.00,0.00,0.00,0.03,0,22646,15127,7519,0.0,a,
Hume,SUN,DEF,4.4,3.6,9,2.2,195,2,0,0,0.04,0.28,0.32,3.09,12,817,32542,-31725,0.0,a,
Forster,BOU,GKP,4.0,3.5,0,0.0,0,0,0,0,0.00,0.00,0.00,0.00,0,8451,5287,3164,0.0,a,
Gyökeres,ARS,FWD,7.2,3.4,1,0.2,12,0,0,0,0.00,0.00,0.00,0.11,1,1456,25297,-23841,0.0,a,
Truffert,BOU,DEF,5.5,3.3,8,2.0,360,4,0,0,0.09,0.23,0.32,5.30,38,2383,11750,-9367,0.0,a,
Evanilson,BOU,FWD,6.0,3.3,16,4.0,334,4,0,3,0.71,0.51,1.22,4.80,22,19875,14444,5431,0.0,a,
Enzo,MCI,MID,6.9,3.3,6,1.5,181,2,0,0,0.31,0.27,0.58,1.78,16,17912,12088,5824,0.0,a,
Foden,MCI,MID,7.0,3.3,9,2.2,217,3,0,2,1.61,0.88,2.49,1.91,14,1891,72068,-70177,0.0,s,0
Petrović,BOU,GKP,4.5,3.2,7,1.8,360,4,0,0,0.00,0.00,0.00,5.30,0,2611,9724,-7113,0.0,a,
Vuskovic,BHA,DEF,5.0,3.2,24,6.0,347,4,1,0,0.46,0.07,0.53,6.82,31,11883,11299,584,0.0,a,
Leno,FUL,GKP,4.5,3.0,15,3.8,360,4,0,0,0.00,0.00,0.00,7.51,0,13677,5281,8396,0.0,a,
Jacquet,LIV,DEF,5.0,3.0,18,4.5,325,4,0,0,0.00,0.12,0.12,4.72,28,34032,6143,27889,0.0,a,100
Ballard,SUN,DEF,4.9,3.0,12,3.0,360,4,0,0,0.17,0.16,0.33,5.84,35,3108,16933,-13825,0.0,a,
O'Shea,IPS,DEF,4.0,2.9,8,2.0,360,4,0,0,0.07,0.26,0.33,6.74,39,2446,6901,-4455,0.0,a,
Barnes,NEW,MID,6.0,2.9,18,4.5,324,4,1,1,0.48,0.07,0.55,6.82,22,35363,7779,27584,0.0,a,
Dedić,NEW,DEF,4.5,2.9,13,3.2,324,4,0,1,0.14,0.08,0.22,6.82,23,4532,17782,-13250,0.0,a,100
Watkins,AVL,FWD,7.8,2.8,0,0.0,0,0,0,0,0.00,0.00,0.00,0.00,0,0,16834,-16834,0.0,u,0
Mykolenko,EVE,DEF,4.5,2.8,22,5.5,360,4,0,0,0.00,0.14,0.14,5.50,33,76493,5594,70899,0.0,a,
Araujo,LIV,DEF,5.4,2.8,15,3.8,194,2,0,0,0.00,0.05,0.05,1.96,19,18071,5749,12322,0.0,a,
Stach,LEE,MID,6.0,2.7,20,5.0,324,4,1,0,0.88,0.24,1.12,4.79,45,4178,11052,-6874,0.0,a,
Robertson,TOT,DEF,4.4,2.7,13,3.2,276,3,0,0,0.13,0.17,0.30,5.89,17,7778,7246,532,0.0,a,
Roefs,SUN,GKP,4.9,2.7,11,2.8,360,4,0,0,0.00,0.00,0.00,5.84,0,931,14897,-13966,-0.1,a,
Wilson,LEE,MID,6.3,2.6,4,1.0,127,1,0,0,0.01,0.06,0.07,2.98,9,1026,19488,-18462,0.0,a,
Aina,NFO,DEF,4.5,2.6,8,2.0,306,4,0,0,0.04,0.53,0.57,3.72,22,6446,9055,-2609,0.0,a,
O'Nien,SUN,DEF,4.0,2.6,1,0.2,66,1,0,0,0.01,0.01,0.02,1.69,5,1002,8595,-7593,0.0,a,
Belloumi,HUL,MID,5.0,2.5,27,6.8,312,4,2,1,0.37,0.12,0.49,5.13,33,147692,8406,139286,0.0,a,
Kerkez,LIV,DEF,5.4,2.5,7,1.8,295,3,0,0,0.02,0.07,0.09,4.86,23,1032,18606,-17574,0.0,a,
Igor Jesus,NFO,FWD,5.8,2.5,11,2.8,226,2,1,0,1.09,0.07,1.16,2.57,12,19077,10205,8872,-0.1,a,
Janelt,BRE,MID,5.0,2.4,25,6.2,360,4,2,0,0.50,0.40,0.90,5.49,55,16747,11822,4925,0.0,a,
Emersonn,IPS,FWD,5.5,2.4,24,6.0,237,4,2,1,1.48,0.11,1.59,2.22,9,67883,7470,60413,0.0,a,100
Tonali,TOT,MID,5.4,2.4,12,3.0,344,4,0,0,0.18,0.40,0.58,6.62,31,2767,17247,-14480,0.0,d,75
McGinn,AVL,MID,5.4,2.3,11,2.8,351,4,0,1,0.77,0.20,0.97,7.51,24,6141,8179,-2038,0.0,a,
Giles,HUL,DEF,4.0,2.2,24,6.0,354,4,0,1,0.02,0.35,0.37,5.89,19,59877,6194,53683,0.0,a,
Bogle,LEE,DEF,4.5,2.2,31,7.8,271,4,2,0,1.25,0.14,1.39,1.91,13,14259,5482,8777,0.0,a,
Thiaw,NEW,DEF,5.0,2.2,8,2.0,324,4,0,0,0.00,0.07,0.07,6.82,27,7971,6674,1297,0.0,a,
Marmoush,TOT,FWD,7.0,2.2,6,1.5,249,3,0,0,0.36,0.11,0.47,2.68,9,6899,19637,-12738,0.0,a,
Mosquera,ARS,DEF,5.4,2.1,12,3.0,168,2,0,0,0.00,0.01,0.01,0.53,10,87,37390,-37303,0.0,d,50
Frimpong,LIV,DEF,5.4,2.1,2,0.5,178,2,0,0,0.01,0.23,0.24,3.91,12,1147,18074,-16927,0.0,a,
Mukiele,SUN,DEF,5.4,2.1,13,3.2,270,3,0,0,0.70,0.05,0.75,4.04,39,2432,11088,-8656,-0.1,a,100
Lewis-Potter,BRE,MID,5.5,2.0,19,4.8,326,4,1,1,1.06,0.78,1.84,4.99,29,2462,18040,-15578,0.0,a,
Branthwaite,EVE,DEF,5.5,2.0,19,4.8,360,4,0,0,0.17,0.02,0.19,5.50,40,15847,4207,11640,0.0,a,
Barcola,LIV,MID,8.0,2.0,4,2.0,97,1,0,0,0.21,0.10,0.31,0.77,5,10832,18580,-7748,0.0,a,
McBurnie,HUL,FWD,5.5,1.9,12,3.0,351,4,0,2,0.87,0.11,0.98,5.77,15,13649,9409,4240,0.0,a,
Targett,HUL,DEF,4.0,1.9,1,0.2,5,0,0,0,0.00,0.00,0.00,0.07,0,2195,6502,-4307,0.0,a,
Suzuki,AVL,GKP,5.0,1.8,14,3.5,270,3,0,0,0.00,0.01,0.01,3.89,0,6510,6718,-208,0.0,a,
Rayan,BOU,MID,6.4,1.8,8,2.0,347,4,0,0,0.87,0.08,0.95,4.95,11,1256,15361,-14105,0.0,a,
Rúben,MCI,DEF,5.5,1.8,16,4.0,360,4,0,0,0.09,0.74,0.83,3.68,22,7001,3961,3040,0.0,a,
Dalot,MUN,DEF,4.9,1.8,6,1.5,256,3,0,0,0.18,0.18,0.36,3.08,14,1586,6837,-5251,0.0,a,
Šeško,MUN,FWD,7.0,1.8,8,2.0,76,0,1,0,0.39,0.01,0.40,2.00,5,10339,8226,2113,0.0,a,100
Murillo,NFO,DEF,5.5,1.8,19,4.8,359,4,0,1,0.35,0.29,0.64,4.10,42,16808,2790,14018,0.0,a,100
Bruno G.,ARS,MID,6.7,1.7,8,2.0,64,0,1,0,0.09,0.15,0.24,1.57,6,7059,3958,3101,-0.1,a,100
F.Kadıoğlu,BHA,DEF,4.4,1.7,8,2.0,257,3,0,0,0.08,0.11,0.19,6.66,7,1695,6097,-4402,0.0,a,100
Henderson,CRY,GKP,5.0,1.7,5,1.2,270,3,0,0,0.00,0.00,0.00,6.47,0,122,27483,-27361,0.0,i,0
Matthews,CRY,GKP,4.0,1.7,0,0.0,0,0,0,0,0.00,0.00,0.00,0.00,0,1218,2288,-1070,0.0,a,
A.García,AVL,DEF,4.0,1.6,0,0.0,0,0,0,0,0.00,0.00,0.00,0.00,0,3505,5657,-2152,0.0,a,
Tielemans,MUN,MID,5.9,1.6,10,2.5,312,4,0,0,0.56,0.32,0.88,4.54,30,3312,9853,-6541,0.0,a,100
Rashford,MUN,MID,7.0,1.6,8,2.0,275,3,0,0,0.38,0.29,0.67,2.88,16,7401,8080,-679,0.0,a,
Mateta,CRY,FWD,6.3,1.5,2,0.5,62,1,0,0,0.70,0.02,0.72,0.98,5,79,11836,-11757,-0.1,i,0
Justin,LEE,DEF,4.5,1.5,17,4.2,324,4,0,0,0.17,0.30,0.47,4.79,33,2879,3400,-521,0.0,a,
Khusanov,MCI,DEF,5.5,1.5,9,2.2,268,3,0,0,0.00,0.06,0.06,2.68,17,1571,7664,-6093,0.0,a,
Mainoo,MUN,MID,5.5,1.5,18,4.5,275,3,0,1,0.24,0.42,0.66,3.15,44,12907,4278,8629,0.0,a,
Horníček,NEW,GKP,5.0,1.5,11,2.8,324,4,0,0,0.00,0.00,0.00,6.82,0,9725,4228,5497,0.0,a,
Sels,NFO,GKP,5.0,1.5,12,3.0,360,4,0,0,0.00,0.01,0.01,4.10,0,10711,3284,7427,0.0,a,
Milenković,NFO,DEF,5.5,1.5,12,3.0,270,3,0,0,0.11,0.03,0.14,3.28,31,166,14548,-14382,0.0,i,0
Isidor,SUN,FWD,5.5,1.5,14,3.5,95,0,1,1,1.49,0.01,1.50,1.99,3,3375,9368,-5993,0.0,a,
Dunk,BHA,DEF,4.5,1.4,22,5.5,360,4,1,0,0.03,0.09,0.12,7.04,23,11179,3512,7667,0.0,a,
Neto,CHE,MID,6.5,1.4,12,3.0,246,3,1,0,0.52,0.53,1.05,4.42,22,4792,8601,-3809,0.0,a,
Robinson,FUL,DEF,4.5,1.4,10,2.5,339,4,0,0,0.26,0.21,0.47,7.48,24,4015,3648,367,0.0,a,
King,FUL,MID,5.5,1.4,22,5.5,346,4,2,0,1.16,0.43,1.59,7.04,23,27235,7464,19771,0.0,a,
Phillips,HUL,GKP,4.0,1.4,0,0.0,0,0,0,0,0.00,0.00,0.00,0.00,0,1787,2535,-748,0.0,a,
George Hemmings,AVL,MID,4.5,1.3,8,2.0,279,4,0,0,0.07,0.16,0.23,5.39,19,6278,6254,24,0.0,a,
Collins,BRE,DEF,5.5,1.3,10,2.5,196,3,0,0,0.51,0.05,0.56,2.13,17,47,17151,-17104,0.0,i,0
Caicedo,CHE,MID,5.4,1.3,1,0.2,13,0,0,0,0.00,0.00,0.00,0.07,0,244,15512,-15268,0.0,i,0
Gravenberch,LIV,MID,5.9,1.3,8,2.0,181,2,0,1,0.10,0.07,0.17,1.88,24,1377,9929,-8552,0.0,a,
Mac Allister,LIV,MID,5.4,1.3,6,1.5,216,2,0,0,0.10,0.44,0.54,4.06,28,3118,8497,-5379,0.0,a,
Martinez,MUN,DEF,5.0,1.3,6,1.5,270,3,0,0,0.06,0.14,0.20,4.17,16,4843,3353,1490,0.0,a,100
Delap,NFO,FWD,5.5,1.3,8,2.0,187,2,1,0,0.76,0.14,0.90,1.95,9,43760,4326,39434,0.0,a,
Yates,NFO,MID,4.5,1.3,0,0.0,0,0,0,0,0.00,0.00,0.00,0.00,0,1550,6512,-4962,0.0,a,100
Scarlett,TOT,FWD,4.5,1.3,0,0.0,0,0,0,0,0.00,0.00,0.00,0.00,0,0,7704,-7704,0.0,u,0
N.Jackson,AVL,FWD,6.5,1.2,4,1.0,199,3,0,0,0.24,0.58,0.82,1.62,5,5344,13343,-7999,0.0,a,
Reed,FUL,MID,4.4,1.2,0,0.0,0,0,0,0,0.00,0.00,0.00,0.00,0,5385,5866,-481,-0.1,a,
Greaves,IPS,DEF,4.0,1.2,3,0.8,357,4,0,0,0.00,0.06,0.06,6.74,30,551,2283,-1732,0.0,a,
Akpom,IPS,FWD,5.0,1.2,6,1.5,69,0,1,0,0.97,0.00,0.97,4.04,3,8845,8037,808,0.0,a,
Obi,MUN,FWD,4.5,1.2,0,0.0,0,0,0,0,0.00,0.00,0.00,0.00,0,5061,5828,-767,0.0,u,0
Eze,ARS,MID,6.3,1.1,3,0.8,68,0,0,0,0.04,0.07,0.11,0.79,5,1066,8362,-7296,0.0,a,
Furo,BRE,FWD,4.5,1.1,0,0.0,0,0,0,0,0.00,0.00,0.00,0.00,0,5361,5344,17,0.0,i,0
Dovin,COV,GKP,4.0,1.1,0,0.0,0,0,0,0,0.00,0.00,0.00,0.00,0,0,4268,-4268,0.0,u,0
Lecomte,FUL,GKP,4.0,1.1,0,0.0,0,0,0,0,0.00,0.00,0.00,0.00,0,1347,1425,-78,0.0,a,
McAteer,IPS,MID,4.5,1.1,3,0.8,42,0,0,0,0.05,0.00,0.05,0.21,5,992,5276,-4284,0.0,a,
Rodon,LEE,DEF,4.4,1.1,7,1.8,123,2,0,0,0.03,0.06,0.09,1.01,11,29,10495,-10466,0.0,i,0
Munoz,LIV,MID,6.5,1.1,14,3.5,239,3,1,1,0.52,0.25,0.77,4.49,13,2329,13296,-10967,0.0,a,
Hincapie,ARS,DEF,5.3,1.0,2,0.5,32,0,0,0,0.00,0.00,0.00,0.28,3,1103,7938,-6835,0.0,a,
Buendía,AVL,MID,5.9,1.0,9,2.2,311,4,0,0,0.78,0.17,0.95,6.30,19,1489,8500,-7011,0.0,a,
Kluivert,BOU,MID,6.0,1.0,15,3.8,294,4,1,0,0.99,0.08,1.07,4.48,22,4868,3388,1480,0.0,a,
Gusto,CHE,DEF,5.0,1.0,4,1.0,272,3,0,0,0.08,0.12,0.20,3.50,15,1660,6196,-4536,0.0,a,
Hato,CHE,DEF,4.5,1.0,8,2.0,258,4,0,2,0.01,0.21,0.22,4.81,18,2331,8953,-6622,0.0,a,
Colwill,CHE,DEF,4.9,1.0,2,0.5,251,3,0,0,0.01,0.04,0.05,4.02,19,839,8359,-7520,0.0,a,
Ampadu,LEE,MID,5.4,1.0,10,2.5,324,4,0,0,0.08,0.15,0.23,4.79,40,552,4165,-3613,0.0,a,
Woodman,LIV,GKP,4.0,1.0,0,0.0,0,0,0,0,0.00,0.00,0.00,0.00,0,1020,1842,-822,0.0,a,
Pope,NEW,GKP,4.9,1.0,0,0.0,0,0,0,0,0.00,0.00,0.00,0.00,0,793,2646,-1853,0.0,a,
Wood,NFO,FWD,5.8,1.0,3,0.8,45,0,0,0,0.12,0.01,0.13,0.49,1,1625,6269,-4644,-0.1,a,
Austin,TOT,GKP,4.0,1.0,0,0.0,0,0,0,0,0.00,0.00,0.00,0.00,0,2395,1691,704,0.0,a,
Olusesi,TOT,MID,4.4,1.0,0,0.0,0,0,0,0,0.00,0.00,0.00,0.00,0,20269,5931,14338,0.0,a,
Rushworth,COV,GKP,4.5,0.9,5,1.2,360,4,0,0,0.00,0.02,0.02,7.53,0,445,3728,-3283,0.0,a,
Enciso,IPS,MID,5.5,0.9,13,3.2,340,4,0,2,0.92,0.84,1.76,6.71,26,2970,5548,-2578,0.0,a,100
Ouattara,IPS,DEF,4.0,0.9,4,1.0,41,0,0,0,0.00,0.02,0.02,0.89,3,1159,1963,-804,0.0,a,
Matheus N.,MCI,DEF,5.9,0.9,10,2.5,123,1,0,0,0.00,0.05,0.05,1.10,12,2071,1689,382,0.0,a,100
Burn,NEW,DEF,4.9,0.9,0,0.0,0,0,0,0,0.00,0.00,0.00,0.00,0,85,4892,-4807,0.0,i,0
Davies,TOT,DEF,4.0,0.9,0,0.0,0,0,0,0,0.00,0.00,0.00,0.00,0,865,2948,-2083,0.0,a,
Fernandes,TOT,MID,5.8,0.9,6,1.5,204,2,0,0,0.12,0.26,0.38,3.61,14,579,5730,-5151,0.0,a,
Solanke,TOT,FWD,5.9,0.9,5,1.2,105,1,0,0,0.44,0.01,0.45,1.56,3,1677,4945,-3268,0.0,a,
Hill,BOU,DEF,5.5,0.8,8,2.0,360,4,0,0,0.00,0.77,0.77,5.30,35,1240,3933,-2693,0.0,a,
Welbeck,CHE,FWD,5.9,0.8,2,0.5,15,0,0,0,0.00,0.06,0.06,0.54,1,1882,4782,-2900,0.0,a,100
Sánchez,CHE,GKP,4.9,0.8,2,0.5,90,1,0,0,0.00,0.01,0.01,1.33,0,0,6807,-6807,0.0,u,0
Palestra,CHE,DEF,5.3,0.8,0,0.0,0,0,0,0,0.00,0.00,0.00,0.00,0,56,9239,-9183,-0.1,i,0
Thomas-Asante,COV,FWD,5.0,0.8,5,1.2,137,1,0,0,0.21,0.05,0.26,3.88,11,3222,4377,-1155,0.0,a,
Wharton,CRY,MID,5.5,0.8,10,2.5,346,4,0,0,0.08,0.36,0.44,7.60,34,1127,4750,-3623,0.0,a,100
Keane,EVE,DEF,4.8,0.8,0,0.0,0,0,0,0,0.00,0.00,0.00,0.00,0,710,5026,-4316,-0.1,a,
Beto,EVE,FWD,5.4,0.8,2,0.5,31,0,0,0,0.09,0.00,0.09,1.92,1,0,10594,-10594,0.0,u,0
Castagne,FUL,DEF,4.5,0.8,19,4.8,318,4,0,2,0.67,0.38,1.05,5.21,20,5588,2270,3318,0.0,a,
Bijol,LEE,DEF,5.0,0.8,12,3.0,164,2,0,0,0.11,0.00,0.11,3.16,21,1115,3526,-2411,0.0,a,
Richarlison,TOT,FWD,5.9,0.8,2,0.5,67,1,0,0,0.00,0.00,0.00,3.02,1,0,8825,-8825,0.0,u,0
Maatsen,AVL,DEF,4.5,0.7,9,2.2,335,4,0,0,0.28,0.45,0.73,6.54,24,488,11030,-10542,0.0,d,25
Yarmoliuk,BRE,MID,4.9,0.7,6,1.5,148,1,0,1,0.07,0.24,0.31,4.03,16,335,3258,-2923,0.0,a,
Hinshelwood,BHA,MID,5.9,0.7,16,4.0,63,1,2,0,1.41,0.02,1.43,0.19,3,59,13493,-13434,-0.1,i,0
Kostoulas,BHA,FWD,5.5,0.7,18,4.5,278,3,1,2,1.17,0.05,1.22,6.78,23,16645,3893,12752,0.0,a,
Estêvão,CHE,MID,6.3,0.7,3,0.8,20,0,0,0,0.07,0.07,0.14,0.58,2,926,4865,-3939,-0.1,a,
Dasilva,COV,DEF,4.0,0.7,5,1.2,354,4,0,0,0.18,0.48,0.66,7.53,19,366,1712,-1346,0.0,a,
Amenda,COV,DEF,4.0,0.7,4,1.0,360,4,0,0,0.02,0.39,0.41,7.53,24,898,1859,-961,0.0,a,
Simms,COV,FWD,5.0,0.7,3,0.8,88,1,0,0,0.30,0.01,0.31,2.55,3,1178,4360,-3182,0.0,a,
Sarr,CRY,MID,6.2,0.7,0,0.0,0,0,0,0,0.00,0.00,0.00,0.00,0,32,5899,-5867,-0.1,i,0
George,EVE,MID,5.5,0.7,18,4.5,298,4,1,0,0.32,0.31,0.63,3.33,16,14898,3295,11603,0.0,a,
Bassey,FUL,DEF,4.5,0.7,9,2.2,360,4,0,0,0.07,0.07,0.14,7.51,21,1596,1307,289,0.0,a,
Iwobi,FUL,MID,5.4,0.7,9,2.2,338,4,0,0,0.20,0.81,1.01,7.04,22,1110,3710,-2600,0.0,a,
Doku,MCI,MID,7.4,0.7,0,0.0,0,0,0,0,0.00,0.00,0.00,0.00,0,110,3090,-2980,0.0,i,0
Botman,NEW,DEF,5.0,0.7,11,2.8,324,4,0,0,0.01,0.17,0.18,6.82,35,2346,1894,452,0.0,a,
Ndoye,NFO,MID,5.5,0.7,14,3.5,258,4,1,0,1.05,0.88,1.93,3.21,19,5841,4363,1478,0.0,a,
Sávio,TOT,MID,6.5,0.7,6,1.5,150,2,0,0,0.12,0.53,0.65,1.60,6,3535,5075,-1540,0.0,a,100
Lewis-Skelly,ARS,MID,5.5,0.6,9,2.2,271,4,0,0,0.16,0.23,0.39,1.02,14,1350,4744,-3394,0.0,a,
Zubimendi,ARS,MID,5.3,0.6,4,1.0,59,0,0,0,0.08,0.04,0.12,0.68,11,605,4100,-3495,-0.1,a,
Burrowes,AVL,MID,4.5,0.6,0,0.0,0,0,0,0,0.00,0.00,0.00,0.00,0,1002,3008,-2006,0.0,a,
O.Dango,BRE,MID,6.4,0.6,6,1.5,170,2,0,0,0.09,0.39,0.48,2.68,28,214,5636,-5422,0.0,a,
Awoniyi,COV,FWD,5.5,0.6,3,0.8,232,3,0,0,1.30,0.04,1.34,3.55,11,482,7760,-7278,0.0,s,0
Richards,CRY,DEF,5.0,0.6,6,1.5,360,4,0,0,0.08,0.06,0.14,8.15,44,768,2989,-2221,0.0,a,
Strand Larsen,CRY,FWD,6.0,0.6,12,3.0,217,2,1,0,0.39,0.03,0.42,4.89,10,6278,2700,3578,0.0,a,
Nketiah,CRY,FWD,5.5,0.6,7,1.8,167,3,0,1,1.10,0.58,1.68,4.45,11,198,9410,-9212,0.0,d,75
Maitland-Niles,EVE,DEF,4.5,0.6,13,6.5,87,1,1,0,0.06,0.14,0.20,0.72,5,21239,1904,19335,0.0,a,
Coyle,HUL,DEF,4.0,0.6,13,3.2,258,4,0,0,0.13,0.03,0.16,4.78,9,4844,1441,3403,0.0,a,100
Herrington,HUL,DEF,4.0,0.6,4,1.0,107,0,0,0,0.00,0.01,0.01,1.92,8,1547,1308,239,0.0,a,
Button,IPS,GKP,4.0,0.6,0,0.0,0,0,0,0,0.00,0.00,0.00,0.00,0,935,815,120,0.0,a,
Kipré,IPS,DEF,3.9,0.6,0,0.0,0,0,0,0,0.00,0.00,0.00,0.00,0,7249,1816,5433,-0.1,a,
Scherpen,IPS,GKP,4.5,0.6,7,1.8,360,4,0,0,0.00,0.01,0.01,6.74,0,810,1246,-436,0.0,a,
Aaronson,LEE,MID,5.4,0.6,5,1.2,154,2,0,0,0.01,0.02,0.03,3.08,10,282,2606,-2324,0.0,a,
Zetterer,LEE,GKP,4.0,0.6,0,0.0,0,0,0,0,0.00,0.00,0.00,0.00,0,7699,1593,6106,0.0,a,
Andrey Santos,MUN,MID,4.8,0.6,4,1.0,82,1,0,0,0.00,0.24,0.24,2.03,18,1123,5486,-4363,-0.1,a,
Dorgu,MUN,MID,5.8,0.6,6,1.5,165,2,0,0,0.65,0.08,0.73,3.38,18,1238,3519,-2281,0.0,a,
Woltemade,NEW,FWD,5.9,0.6,4,1.0,19,0,0,1,0.02,0.01,0.03,0.38,0,0,5660,-5660,0.0,u,0
Neave,NEW,FWD,4.5,0.6,0,0.0,0,0,0,0,0.00,0.00,0.00,0.00,0,0,3809,-3809,0.0,u,0
J.Angulo,SUN,FWD,4.5,0.6,0,0.0,0,0,0,0,0.00,0.00,0.00,0.00,0,11974,3556,8418,0.0,a,
Damsgaard,BRE,MID,5.5,0.5,13,3.2,197,2,0,1,0.13,0.45,0.58,2.36,21,488,2991,-2503,0.0,a,
Georginio,BHA,FWD,5.4,0.5,5,1.2,90,1,0,1,0.08,0.44,0.52,0.29,7,423,5265,-4842,0.0,d,75
Bentley,COV,GKP,4.0,0.5,0,0.0,0,0,0,0,0.00,0.00,0.00,0.00,0,3230,816,2414,0.0,a,
Kamada,CRY,MID,5.0,0.5,18,4.5,351,4,0,3,0.05,0.35,0.40,7.54,28,9177,2030,7147,0.0,a,
Chilwell,CRY,DEF,4.5,0.5,8,4.0,29,0,1,0,0.27,0.01,0.28,1.12,1,1684,3431,-1747,0.0,a,
Crooks,HUL,MID,4.5,0.5,3,0.8,158,2,0,0,0.00,0.00,0.00,2.38,19,1804,2115,-311,0.0,a,100
Furlong,IPS,DEF,4.0,0.5,1,0.2,17,0,0,0,0.00,0.00,0.00,0.86,3,125,1126,-1001,0.0,a,
Nmecha,LEE,FWD,5.4,0.5,5,1.2,38,0,0,1,0.27,0.14,0.41,2.25,1,2208,2153,55,0.0,a,
Ngumoha,LIV,MID,5.8,0.5,4,1.0,99,1,0,0,0.15,0.05,0.20,0.68,4,702,4562,-3860,0.0,a,
Yoro,MUN,DEF,4.9,0.5,2,0.5,22,0,0,0,0.00,0.02,0.02,1.09,5,300,2050,-1750,0.0,a,
Mazraoui,MUN,DEF,4.4,0.5,3,0.8,97,1,0,0,0.22,0.06,0.28,2.08,6,1331,3206,-1875,0.0,a,
Willock,NEW,MID,5.0,0.5,11,2.8,166,2,1,0,0.52,0.20,0.72,3.57,8,2466,2474,-8,0.0,a,
I.Sangaré,NFO,MID,4.9,0.5,3,0.8,98,1,0,0,0.09,0.02,0.11,0.56,8,559,1854,-1295,0.0,a,100
Diomande,NFO,DEF,5.4,0.5,5,1.2,91,1,0,0,0.11,0.00,0.11,0.82,14,1260,1297,-37,0.0,a,
Merino,ARS,MID,5.8,0.4,3,0.8,51,0,0,0,0.14,0.02,0.16,0.26,6,525,3134,-2609,0.0,a,
Mings,AVL,DEF,4.5,0.4,7,1.8,171,1,0,0,0.20,0.02,0.22,2.87,11,1103,1909,-806,0.0,a,
Pau,AVL,DEF,4.5,0.4,3,0.8,187,3,0,0,0.00,0.01,0.01,4.79,9,179,3203,-3024,0.0,d,75
Garnacho,AVL,MID,5.8,0.4,3,0.8,31,0,0,0,0.00,0.00,0.00,0.49,2,299,3457,-3158,-0.1,a,
Silva,BOU,DEF,5.0,0.4,10,2.5,360,4,0,0,0.85,0.27,1.12,5.30,41,674,1767,-1093,0.0,a,
Ayari,BHA,MID,5.4,0.4,12,3.0,243,3,1,0,0.59,0.10,0.69,4.01,14,1277,1588,-311,0.0,a,100
Acheampong,CHE,DEF,4.5,0.4,5,1.2,202,2,0,0,0.00,0.02,0.02,3.52,19,628,2543,-1915,0.0,a,
Mheuka,CHE,FWD,4.5,0.4,0,0.0,0,0,0,0,0.00,0.00,0.00,0.00,0,2157,2164,-7,0.0,a,
Wilson,COV,GKP,4.5,0.4,0,0.0,0,0,0,0,0.00,0.00,0.00,0.00,0,64,656,-592,0.0,a,
Kitching,COV,DEF,4.0,0.4,0,0.0,0,0,0,0,0.00,0.00,0.00,0.00,0,0,2060,-2060,0.0,u,0
Yeremy,CRY,MID,5.5,0.4,12,3.0,226,3,0,2,0.36,0.40,0.76,5.67,21,673,4353,-3680,0.0,a,
Grealish,EVE,MID,6.5,0.4,3,0.8,57,0,0,0,0.02,0.14,0.16,0.61,6,3187,2414,773,0.0,a,100
Armstrong,EVE,MID,5.0,0.4,14,3.5,356,4,0,1,0.09,0.12,0.21,5.50,35,3136,2477,659,0.0,a,
Muniz,FUL,FWD,5.4,0.4,3,0.8,28,0,0,0,0.40,0.00,0.40,0.49,2,1226,2162,-936,0.0,a,
Walton,IPS,GKP,4.4,0.4,0,0.0,0,0,0,0,0.00,0.00,0.00,0.00,0,346,815,-469,0.0,a,
Aït-Nouri,MCI,DEF,5.3,0.4,0,0.0,0,0,0,0,0.00,0.00,0.00,0.00,0,567,2561,-1994,0.0,a,
Zirkzee,MUN,FWD,5.4,0.4,1,0.2,7,0,0,0,0.00,0.01,0.01,0.02,3,1195,2378,-1183,0.0,a,
J.Ramsey,NEW,MID,4.9,0.4,7,1.8,69,0,1,0,0.17,0.16,0.33,1.92,11,1522,1549,-27,0.0,a,
Osula,NEW,FWD,5.9,0.4,4,1.0,55,1,0,1,0.06,0.14,0.20,1.48,5,82,2554,-2472,0.0,i,0
Udogie,TOT,DEF,4.5,0.4,7,1.8,86,1,0,0,0.00,0.23,0.23,1.17,4,44,3086,-3042,0.0,a,100
Maddison,TOT,MID,6.3,0.4,2,0.5,35,0,0,0,0.00,0.02,0.02,0.88,5,458,1775,-1317,0.0,a,100
Lindelöf,AVL,DEF,4.5,0.3,7,1.8,360,4,0,0,0.44,0.17,0.61,7.66,16,1125,1122,3,0.0,a,
Barkley,AVL,MID,5.0,0.3,9,2.2,302,4,0,0,0.38,0.14,0.52,6.58,24,844,1440,-596,0.0,a,
Kamara,AVL,MID,5.0,0.3,9,2.2,360,4,0,0,0.00,0.15,0.15,7.66,30,816,1901,-1085,0.0,a,100
Soler,BOU,DEF,4.0,0.3,0,0.0,0,0,0,0,0.00,0.00,0.00,0.00,0,1070,942,128,0.0,a,100
Adams,BOU,MID,5.0,0.3,8,2.0,192,2,0,0,0.03,0.03,0.06,1.34,28,1265,1654,-389,0.0,a,100
Wilson,BRE,FWD,5.5,0.3,3,0.8,13,0,0,0,0.07,0.04,0.11,0.15,2,550,2519,-1969,0.0,a,
Boscagli,BHA,DEF,4.5,0.3,13,3.2,347,4,0,0,0.06,0.51,0.57,6.82,22,541,814,-273,0.0,a,
Oriola,BHA,MID,4.5,0.3,0,0.0,0,0,0,0,0.00,0.00,0.00,0.00,0,446,1130,-684,0.0,a,
Andrews,COV,MID,4.5,0.3,0,0.0,0,0,0,0,0.00,0.00,0.00,0.00,0,0,2262,-2262,0.0,u,0
Tomiyasu,CRY,DEF,4.5,0.3,2,0.5,144,1,0,0,0.00,0.02,0.02,3.44,14,154,1099,-945,0.0,a,
Khalaili,CRY,DEF,5.0,0.3,13,3.2,289,3,1,0,0.96,0.31,1.27,7.10,38,2985,1293,1692,0.0,a,
O'Brien,EVE,DEF,4.9,0.3,1,0.2,15,0,0,0,0.00,0.00,0.00,0.26,1,370,1059,-689,0.0,a,
Smith Rowe,FUL,MID,5.4,0.3,3,0.8,38,0,0,0,0.06,0.02,0.08,0.87,3,216,1408,-1192,0.0,a,
Bobb,FUL,MID,5.5,0.3,10,2.5,273,4,0,0,0.32,1.05,1.37,5.07,22,807,1564,-757,0.0,a,
Berge,FUL,MID,4.9,0.3,8,2.0,273,3,0,0,0.03,0.34,0.37,6.18,17,753,1166,-413,0.0,a,
Sessegnon,FUL,DEF,4.4,0.3,3,0.8,50,0,0,0,0.13,0.44,0.57,1.80,3,194,1527,-1333,0.0,d,75
Zepa,FUL,MID,4.5,0.3,0,0.0,0,0,0,0,0.00,0.00,0.00,0.00,0,744,2156,-1412,0.0,a,
Dowell,HUL,MID,4.5,0.3,0,0.0,0,0,0,0,0.00,0.00,0.00,0.00,0,615,1784,-1169,0.0,a,
Norton-Cuffy,HUL,DEF,4.0,0.3,1,0.5,34,0,0,0,0.05,0.00,0.05,0.30,1,2612,1472,1140,0.0,a,
Maeda,IPS,MID,5.4,0.3,7,1.8,243,3,0,0,0.71,0.01,0.72,5.57,19,89,1573,-1484,0.0,a,
Perri,LEE,GKP,4.5,0.3,0,0.0,0,0,0,0,0.00,0.00,0.00,0.00,0,0,1421,-1421,0.0,u,0
Okafor,LEE,MID,5.8,0.3,7,1.8,207,3,0,0,0.10,0.25,0.35,1.38,12,728,1590,-862,-0.1,a,
Heaven,MUN,DEF,4.4,0.3,1,0.2,90,1,0,0,0.12,0.04,0.16,1.01,2,305,1491,-1186,0.0,a,
Amad,MUN,MID,5.8,0.3,0,0.0,0,0,0,0,0.00,0.00,0.00,0.00,0,39,2368,-2329,0.0,i,0
Fletcher,MUN,MID,4.5,0.3,0,0.0,0,0,0,0,0.00,0.00,0.00,0.00,0,277,1126,-849,0.0,a,
N.Gonzalez,NEW,MID,5.5,0.3,5,1.2,164,3,0,0,0.00,0.21,0.21,2.36,12,986,999,-13,0.0,a,
Spence,TOT,DEF,4.5,0.3,0,0.0,0,0,0,0,0.00,0.00,0.00,0.00,0,0,1318,-1318,0.0,u,0
Alderete,SUN,DEF,4.9,0.3,1,0.2,23,0,0,0,0.00,0.01,0.01,0.10,0,112,1635,-1523,0.0,a,100
Reinildo,SUN,DEF,4.5,0.3,7,1.8,360,4,0,0,0.00,0.32,0.32,5.05,29,108,3624,-3516,0.0,s,0
Meunier,SUN,DEF,4.5,0.3,11,2.8,318,4,0,0,0.34,0.13,0.47,4.60,16,448,774,-326,0.0,a,100
J.Timber,ARS,DEF,6.5,0.2,1,0.2,45,0,0,0,0.00,0.01,0.01,1.57,3,7305,1020,6285,0.0,a,100
Saliba,ARS,DEF,5.9,0.2,0,0.0,0,0,0,0,0.00,0.00,0.00,0.00,0,214,1024,-810,0.0,i,0
Madueke,ARS,MID,6.3,0.2,2,0.5,23,0,0,0,0.00,0.05,0.05,0.15,3,219,1785,-1566,0.0,a,
G.Jesus,ARS,FWD,5.9,0.2,0,0.0,0,0,0,0,0.00,0.00,0.00,0.00,0,0,1164,-1164,0.0,u,0
Abraham,AVL,FWD,5.5,0.2,3,0.8,69,0,0,0,0.00,0.00,0.00,2.26,2,898,988,-90,0.0,a,100
Madjo,AVL,FWD,5.4,0.2,0,0.0,0,0,0,0,0.00,0.00,0.00,0.00,0,129,1767,-1638,-0.1,i,0
Rowe,AVL,DEF,4.0,0.2,0,0.0,0,0,0,0,0.00,0.00,0.00,0.00,0,862,688,174,0.0,a,
Wan-Bissaka,AVL,DEF,4.5,0.2,5,1.7,107,1,0,0,0.00,0.06,0.06,2.63,15,1904,740,1164,0.0,a,
Diakité,BOU,DEF,5.0,0.2,0,0.0,0,0,0,0,0.00,0.00,0.00,0.00,0,381,1056,-675,0.0,a,
Cook,BOU,MID,5.0,0.2,7,1.8,165,2,0,0,0.00,0.01,0.01,3.95,12,339,1635,-1296,0.0,a,
Kroupi.Jr,BOU,MID,7.4,0.2,0,0.0,0,0,0,0,0.00,0.00,0.00,0.00,0,59,818,-759,0.0,i,0
Sanchez,BOU,DEF,4.4,0.2,0,0.0,0,0,0,0,0.00,0.00,0.00,0.00,0,97,513,-416,-0.1,a,
Henry,BRE,DEF,4.4,0.2,1,0.2,2,0,0,0,0.00,0.00,0.00,0.00,0,128,699,-571,-0.1,a,
Wieffer,BHA,DEF,5.0,0.2,7,1.8,156,2,0,0,0.12,0.13,0.25,3.18,15,21,3172,-3151,0.0,i,0
Struijk,BHA,DEF,5.0,0.2,2,0.5,13,0,0,0,0.00,0.01,0.01,0.22,4,301,1000,-699,0.0,a,100
David,BHA,FWD,6.0,0.2,1,0.2,23,0,0,0,0.42,0.00,0.42,0.14,0,805,2037,-1232,0.0,a,
Fofana,CHE,DEF,5.0,0.2,4,1.0,242,3,0,0,0.00,0.08,0.08,4.20,32,1224,1163,61,0.0,a,100
Lavia,CHE,MID,5.0,0.2,11,2.8,258,4,1,0,0.75,0.11,0.86,5.06,31,1095,1865,-770,0.0,a,
Marc Guiu,CHE,FWD,5.0,0.2,0,0.0,0,0,0,0,0.00,0.00,0.00,0.00,0,0,1711,-1711,0.0,u,0
Chavarria,CHE,DEF,4.9,0.2,4,1.0,118,0,0,0,0.00,0.03,0.03,1.45,7,179,703,-524,0.0,a,
Shepherd,COV,MID,4.5,0.2,0,0.0,0,0,0,0,0.00,0.00,0.00,0.00,0,222,1017,-795,0.0,a,
Yirenkyi,COV,MID,4.9,0.2,6,1.5,175,2,0,0,0.03,0.14,0.17,3.17,16,117,1002,-885,0.0,a,
Canvot,CRY,DEF,4.9,0.2,2,0.5,270,3,0,0,0.05,0.01,0.06,6.47,24,105,1662,-1557,0.0,a,
Hackney,EVE,MID,5.5,0.2,9,2.2,136,1,0,1,0.05,0.13,0.18,3.75,12,268,797,-529,0.0,a,100
Tete,FUL,DEF,4.4,0.2,0,0.0,27,0,0,0,0.00,0.00,0.00,0.65,3,161,639,-478,0.0,a,
Palacios,FUL,MID,5.4,0.2,11,2.8,207,3,1,0,0.98,0.03,1.01,4.97,13,173,1018,-845,-0.1,a,
Hughes,HUL,DEF,3.9,0.2,0,0.0,0,0,0,0,0.00,0.00,0.00,0.00,0,8581,1889,6692,-0.1,i,0
Destan,HUL,FWD,4.5,0.2,0,0.0,0,0,0,0,0.00,0.00,0.00,0.00,0,0,1118,-1118,0.0,u,0
Clarke,IPS,MID,5.4,0.2,9,2.2,105,1,1,0,0.30,0.04,0.34,0.29,6,164,1156,-992,0.0,a,
Fatawu,IPS,MID,5.5,0.2,9,2.2,286,4,0,1,0.03,0.83,0.86,6.11,24,216,1060,-844,0.0,a,
Tanaka,LEE,MID,4.9,0.2,10,2.5,171,2,0,2,0.59,0.04,0.63,2.27,23,1136,988,148,0.0,a,
Cairns,LEE,GKP,4.0,0.2,0,0.0,0,0,0,0,0.00,0.00,0.00,0.00,0,1302,504,798,0.0,a,
Davies,LIV,GKP,4.0,0.2,0,0.0,0,0,0,0,0.00,0.00,0.00,0.00,0,345,312,33,0.0,a,
McConnell,LIV,MID,4.5,0.2,0,0.0,0,0,0,0,0.00,0.00,0.00,0.00,0,210,871,-661,0.0,a,
Danns,LIV,FWD,4.5,0.2,0,0.0,0,0,0,0,0.00,0.00,0.00,0.00,0,2562,936,1626,0.0,a,100
Lewis,MCI,DEF,4.4,0.2,1,0.2,56,1,0,0,0.17,0.02,0.19,0.55,2,520,1122,-602,0.0,a,
Bouaddi,MCI,MID,5.5,0.2,2,0.7,22,0,0,0,0.00,0.12,0.12,0.37,6,1492,1728,-236,0.0,a,
Braithwaite,MCI,DEF,4.0,0.2,1,0.3,1,0,0,0,0.00,0.00,0.00,0.00,0,1174,1176,-2,0.0,a,
Amass,MUN,DEF,4.0,0.2,0,0.0,0,0,0,0,0.00,0.00,0.00,0.00,0,623,704,-81,0.0,a,
Bendito Mantato,MUN,MID,4.5,0.2,0,0.0,0,0,0,0,0.00,0.00,0.00,0.00,0,290,729,-439,0.0,a,
Schär,NEW,DEF,5.0,0.2,1,0.2,1,0,0,0,0.00,0.00,0.00,0.79,0,530,760,-230,0.0,a,100
Shahar,NEW,DEF,4.0,0.2,0,0.0,0,0,0,0,0.00,0.00,0.00,0.00,0,0,2963,-2963,0.0,u,0
Jair Cunha,NFO,DEF,4.5,0.2,10,2.5,270,3,0,0,0.03,0.01,0.04,3.28,28,118,1684,-1566,0.0,d,50
O.Richards,NFO,DEF,4.0,0.2,0,0.0,0,0,0,0,0.00,0.00,0.00,0.00,0,399,597,-198,0.0,a,
Abbott,NFO,DEF,4.0,0.2,0,0.0,0,0,0,0,0.00,0.00,0.00,0.00,0,0,938,-938,0.0,u,0
Hudson-Odoi,NFO,MID,5.8,0.2,1,0.2,1,0,0,0,0.00,0.00,0.00,0.00,0,577,1070,-493,-0.1,a,100
Tosin,TOT,DEF,4.4,0.2,1,0.2,5,0,0,0,0.00,0.00,0.00,0.03,4,178,380,-202,0.0,a,
Souza,TOT,DEF,4.0,0.2,0,0.0,0,0,0,0,0.00,0.00,0.00,0.00,0,0,1026,-1026,0.0,u,0
Tel,TOT,MID,5.8,0.2,8,2.0,257,3,0,0,0.21,0.23,0.44,5.55,13,250,2308,-2058,0.0,a,
Bentancur,TOT,MID,5.5,0.2,11,2.8,287,3,0,0,0.02,0.08,0.10,4.49,43,468,572,-104,0.0,a,
Gallagher,TOT,MID,5.4,0.2,3,0.8,128,2,0,0,0.02,0.12,0.14,2.58,14,118,1071,-953,0.0,a,
Bergvall,TOT,MID,5.4,0.2,2,0.5,72,1,0,0,0.06,0.26,0.32,2.14,12,87,476,-389,0.0,a,
Gray,TOT,MID,4.9,0.2,7,1.8,236,3,0,0,0.09,0.04,0.13,4.99,22,628,833,-205,-0.1,a,
Danso,SUN,DEF,5.0,0.2,3,0.8,180,2,0,0,0.00,0.16,0.16,3.09,12,637,579,58,0.0,a,
Sadiki,SUN,MID,4.9,0.2,8,2.0,343,4,0,0,0.40,0.23,0.63,5.45,26,556,1384,-828,0.0,a,
Ahoka,SUN,MID,4.5,0.2,0,0.0,0,0,0,0,0.00,0.00,0.00,0.00,0,1103,1515,-412,0.0,a,
Arrizabalaga,ARS,GKP,4.9,0.1,0,0.0,0,0,0,0,0.00,0.00,0.00,0.00,0,68,246,-178,0.0,a,
Martinelli,ARS,MID,6.3,0.1,0,0.0,0,0,0,0,0.00,0.00,0.00,0.00,0,0,780,-780,0.0,u,0
Dowman,ARS,MID,5.3,0.1,0,0.0,0,0,0,0,0.00,0.00,0.00,0.00,0,163,493,-330,0.0,a,
M.Bizot,AVL,GKP,4.5,0.1,1,0.2,90,1,0,0,0.00,0.00,0.00,3.77,0,180,493,-313,0.0,a,
Digne,AVL,DEF,4.5,0.1,0,0.0,0,0,0,0,0.00,0.00,0.00,0.00,0,0,226,-226,0.0,u,0
Bogarde,AVL,MID,5.0,0.1,1,0.2,16,0,0,0,0.00,0.00,0.00,0.22,1,232,430,-198,0.0,a,
Nedeljkovic,AVL,DEF,4.0,0.1,0,0.0,0,0,0,0,0.00,0.00,0.00,0.00,0,0,513,-513,0.0,u,0
Bailey,AVL,MID,5.4,0.1,0,0.0,0,0,0,0,0.00,0.00,0.00,0.00,0,0,771,-771,0.0,u,0
Manzambi,AVL,MID,5.9,0.1,1,0.2,27,0,0,0,0.00,0.08,0.08,0.86,2,672,436,236,0.0,a,100
Ruggeri,AVL,DEF,4.5,0.1,2,0.5,23,0,0,0,0.00,0.01,0.01,0.49,3,215,504,-289,0.0,a,
Lynch,AVL,MID,4.5,0.1,0,0.0,0,0,0,0,0.00,0.00,0.00,0.00,0,0,674,-674,0.0,u,0
Mbaye,AVL,MID,6.0,0.1,1,0.5,27,0,0,0,0.02,0.13,0.15,0.86,2,796,569,227,0.0,a,
Dennis,BOU,GKP,4.0,0.1,0,0.0,0,0,0,0,0.00,0.00,0.00,0.00,0,0,428,-428,0.0,u,0
Smith,BOU,DEF,4.5,0.1,2,0.5,360,4,0,0,0.01,0.07,0.08,5.30,21,342,720,-378,0.0,a,
Gannon-Doak,BOU,MID,4.9,0.1,3,0.8,10,0,0,0,0.12,0.03,0.15,0.35,7,125,326,-201,0.0,a,
Brooks,BOU,MID,5.0,0.1,2,0.5,30,0,0,0,0.00,0.01,0.01,0.50,3,192,372,-180,0.0,a,100
Rodríguez,BOU,FWD,6.0,0.1,2,0.5,10,0,0,0,0.00,0.00,0.00,0.18,1,338,546,-208,0.0,a,100
Jebbison,BOU,FWD,5.0,0.1,2,0.5,16,0,0,0,0.10,0.00,0.10,0.36,1,802,791,11,0.0,a,
Valdimarsson,BRE,GKP,4.5,0.1,0,0.0,0,0,0,0,0.00,0.00,0.00,0.00,0,107,314,-207,0.0,a,
Van den Berg,BRE,DEF,4.9,0.1,0,0.0,0,0,0,0,0.00,0.00,0.00,0.00,0,13,328,-315,0.0,i,0
Hickey,BRE,DEF,4.5,0.1,4,1.0,131,1,0,0,0.03,0.05,0.08,2.79,13,131,247,-116,0.0,a,
Schuster,BRE,DEF,4.5,0.1,7,1.8,163,1,0,0,0.10,0.02,0.12,3.36,22,128,238,-110,0.0,a,
Jensen,BRE,MID,5.4,0.1,6,1.5,66,1,0,1,0.08,0.34,0.42,0.47,5,6,737,-731,0.0,i,0
Anthony,BRE,MID,5.9,0.1,5,1.2,187,2,0,0,0.19,0.52,0.71,2.80,24,171,895,-724,-0.1,a,
Diouf,BRE,DEF,4.5,0.1,1,0.3,30,0,0,0,0.00,0.01,0.01,0.50,1,497,758,-261,0.0,a,
Svoboda,BHA,DEF,5.0,0.1,0,0.0,0,0,0,0,0.00,0.00,0.00,0.00,0,262,380,-118,0.0,a,
O'Riley,BHA,MID,5.5,0.1,1,0.2,6,0,0,0,0.00,0.01,0.01,0.04,1,232,510,-278,0.0,a,
Chalobah,CHE,DEF,5.5,0.1,0,0.0,0,0,0,0,0.00,0.00,0.00,0.00,0,0,355,-355,0.0,u,0
D.Essugo,CHE,MID,4.5,0.1,0,0.0,0,0,0,0,0.00,0.00,0.00,0.00,0,0,908,-908,0.0,u,0
Emegha,CHE,FWD,5.0,0.1,0,0.0,0,0,0,0,0.00,0.00,0.00,0.00,0,51,1425,-1374,0.0,i,0
Penders,CHE,GKP,4.4,0.1,0,0.0,0,0,0,0,0.00,0.00,0.00,0.00,0,316,266,50,0.0,a,
Barco,CHE,MID,5.5,0.1,1,0.2,29,0,0,0,0.04,0.09,0.13,0.61,3,213,580,-367,0.0,a,
Pinnock,COV,DEF,4.5,0.1,6,1.5,192,2,0,0,0.12,0.00,0.12,5.47,25,185,245,-60,0.0,a,
Onyeka,COV,MID,4.9,0.1,6,1.5,224,3,0,0,0.03,0.02,0.05,5.21,19,157,510,-353,0.0,a,
Bidwell,COV,DEF,4.0,0.1,0,0.0,0,0,0,0,0.00,0.00,0.00,0.00,0,194,272,-78,0.0,a,
Woolfenden,COV,DEF,4.0,0.1,0,0.0,0,0,0,0,0.00,0.00,0.00,0.00,0,104,489,-385,0.0,i,0
Rudoni,COV,MID,5.0,0.1,8,2.0,224,3,0,0,0.83,0.91,1.74,3.64,21,173,565,-392,0.0,a,100
Grimes,COV,MID,4.9,0.1,8,2.0,353,4,0,0,0.10,0.07,0.17,7.32,28,228,799,-571,-0.1,a,
Sakamoto,COV,MID,4.9,0.1,1,0.2,31,0,0,0,0.02,0.02,0.04,0.69,4,39,385,-346,0.0,a,
Mason-Clark,COV,MID,5.4,0.1,4,1.0,186,3,0,0,0.49,0.07,0.56,2.56,13,52,338,-286,0.0,a,100
Torp,COV,MID,5.4,0.1,3,0.8,53,0,0,0,0.00,0.12,0.12,1.22,3,15,435,-420,0.0,a,
Tchaouna,COV,MID,5.4,0.1,4,1.0,166,2,0,0,0.19,0.18,0.37,2.73,15,17,399,-382,0.0,a,
Borges Rodrigues,COV,MID,4.5,0.1,0,0.0,0,0,0,0,0.00,0.00,0.00,0.00,0,0,779,-779,0.0,u,0
Wright,COV,FWD,5.4,0.1,0,0.0,0,0,0,0,0.00,0.00,0.00,0.00,0,25,497,-472,0.0,i,0
Hamer,COV,MID,5.4,0.1,3,0.8,32,0,0,0,0.00,0.02,0.02,0.82,3,35,378,-343,0.0,a,
Cherif,COV,FWD,5.0,0.1,1,0.2,30,0,0,0,0.00,0.00,0.00,1.43,1,536,513,23,0.0,a,
Mfuni,COV,DEF,4.0,0.1,0,0.0,0,0,0,0,0.00,0.00,0.00,0.00,0,3916,688,3228,0.0,a,
Disasi,CRY,DEF,4.5,0.1,1,0.2,139,2,0,0,0.00,0.04,0.04,3.72,20,79,2022,-1943,0.0,s,0
Benitez,CRY,GKP,4.5,0.1,2,0.5,90,1,0,0,0.00,0.00,0.00,1.68,0,514,303,211,0.0,a,
Mingueza,CRY,DEF,4.4,0.1,2,0.5,16,0,0,0,0.00,0.00,0.00,0.33,2,107,407,-300,0.0,a,
Lerma,CRY,MID,4.9,0.1,1,0.2,6,0,0,0,0.00,0.00,0.00,0.48,1,72,315,-243,0.0,a,
Doucouré,CRY,MID,4.9,0.1,0,0.0,0,0,0,0,0.00,0.00,0.00,0.00,0,109,349,-240,0.0,a,
Drakes-Thomas,CRY,MID,4.5,0.1,0,0.0,0,0,0,0,0.00,0.00,0.00,0.00,0,139,373,-234,0.0,a,
McNeil,CRY,MID,5.4,0.1,3,0.8,84,1,0,0,0.05,0.02,0.07,1.18,7,63,587,-524,0.0,a,
Johnson,EVE,MID,5.9,0.1,6,1.5,173,2,0,0,0.21,0.22,0.43,2.67,18,566,520,46,0.0,a,
Aznou,EVE,DEF,4.0,0.1,0,0.0,0,0,0,0,0.00,0.00,0.00,0.00,0,0,722,-722,0.0,u,0
Garner,EVE,MID,6.0,0.1,8,2.0,238,3,0,0,0.04,0.13,0.17,2.01,36,2775,873,1902,0.0,a,100
Alcaraz,EVE,MID,4.9,0.1,1,0.2,5,0,0,0,0.05,0.02,0.07,0.04,3,178,414,-236,0.0,a,
Graham,EVE,MID,4.5,0.1,0,0.0,0,0,0,0,0.00,0.00,0.00,0.00,0,1028,982,46,0.0,a,
McNally,FUL,GKP,4.0,0.1,0,0.0,0,0,0,0,0.00,0.00,0.00,0.00,0,0,386,-386,0.0,u,0
Andersen,FUL,DEF,5.0,0.1,2,0.5,180,2,0,0,0.00,0.10,0.10,3.99,15,685,749,-64,0.0,a,100
Charles,FUL,MID,5.0,0.1,9,2.2,213,2,0,0,0.09,0.14,0.23,5.05,33,273,234,39,0.0,a,
De Fougerolles,FUL,DEF,4.0,0.1,0,0.0,0,0,0,0,0.00,0.00,0.00,0.00,0,0,567,-567,0.0,u,0
Butland,HUL,GKP,4.5,0.1,0,0.0,0,0,0,0,0.00,0.00,0.00,0.00,0,32,265,-233,0.0,i,0
McCarthy,HUL,DEF,4.0,0.1,0,0.0,0,0,0,0,0.00,0.00,0.00,0.00,0,569,375,194,0.0,a,
McNair,HUL,DEF,4.0,0.1,1,0.2,26,0,0,0,0.00,0.00,0.00,0.96,2,278,353,-75,0.0,a,100
Zambrano,HUL,MID,4.5,0.1,0,0.0,0,0,0,0,0.00,0.00,0.00,0.00,0,642,461,181,0.0,a,100
Hjertø-Dahl,HUL,MID,4.9,0.1,1,0.2,8,0,0,0,0.00,0.00,0.00,0.00,1,104,330,-226,0.0,a,
Stroud,HUL,MID,5.0,0.1,7,1.8,249,4,0,0,0.06,0.05,0.11,4.32,20,221,332,-111,0.0,a,
Vaz,HUL,FWD,5.0,0.1,1,0.5,8,0,0,0,0.00,0.00,0.00,0.18,1,2217,517,1700,0.0,a,
Lukić,IPS,MID,5.0,0.1,9,2.2,328,4,0,1,0.02,0.16,0.18,5.61,31,96,481,-385,0.0,a,
Johnson,IPS,DEF,4.0,0.1,0,0.0,0,0,0,0,0.00,0.00,0.00,0.00,0,0,487,-487,0.0,u,0
Núñez,IPS,MID,5.0,0.1,6,1.5,140,2,0,0,0.03,0.05,0.08,3.48,21,106,752,-646,0.0,a,
Hirst,IPS,FWD,5.0,0.1,0,0.0,0,0,0,0,0.00,0.00,0.00,0.00,0,0,480,-480,0.0,u,0
Philogene,IPS,MID,5.4,0.1,1,0.2,28,0,0,0,0.02,0.00,0.01,0.41,3,36,142,-106,0.0,a,100
Al-Hamadi,IPS,FWD,5.0,0.1,0,0.0,0,0,0,0,0.00,0.00,0.00,0.00,0,0,369,-369,0.0,u,0
Florentino,IPS,MID,4.9,0.1,1,0.2,13,0,0,0,0.00,0.01,0.01,0.27,2,63,256,-193,0.0,a,100
Flemming,IPS,FWD,5.5,0.1,6,3.0,51,0,1,0,0.54,0.01,0.55,0.47,2,1786,384,1402,0.0,a,
Gudmundsson,LEE,DEF,4.5,0.1,3,0.8,144,2,0,0,0.00,0.18,0.18,2.46,8,346,144,202,0.0,a,100
Longstaff,LEE,MID,4.9,0.1,1,0.2,8,0,0,0,0.00,0.00,0.00,0.07,0,158,474,-316,0.0,a,
James,LEE,MID,4.9,0.1,1,0.2,22,0,0,0,0.24,0.01,0.25,0.93,2,239,478,-239,-0.1,a,
Piroe,LEE,FWD,5.0,0.1,0,0.0,0,0,0,0,0.00,0.00,0.00,0.00,0,0,404,-404,0.0,u,0
Mateo Joseph,LEE,FWD,4.5,0.1,0,0.0,0,0,0,0,0.00,0.00,0.00,0.00,0,221,248,-27,0.0,i,0
Lienou,LEE,DEF,4.0,0.1,0,0.0,0,0,0,0,0.00,0.00,0.00,0.00,0,499,345,154,0.0,a,
Cresswell,LEE,MID,4.5,0.1,0,0.0,0,0,0,0,0.00,0.00,0.00,0.00,0,580,673,-93,0.0,a,
Mamardashvili,LIV,GKP,4.9,0.1,0,0.0,0,0,0,0,0.00,0.00,0.00,0.00,0,143,641,-498,0.0,a,
Lucky,LIV,DEF,4.0,0.1,0,0.0,0,0,0,0,0.00,0.00,0.00,0.00,0,350,491,-141,0.0,a,
Tsimikas,LIV,DEF,4.9,0.1,2,0.5,64,1,0,0,0.04,0.02,0.06,0.47,3,165,267,-102,0.0,a,
Ramsay,LIV,DEF,4.0,0.1,0,0.0,0,0,0,0,0.00,0.00,0.00,0.00,0,0,489,-489,0.0,u,0
Endo,LIV,MID,4.9,0.1,0,0.0,0,0,0,0,0.00,0.00,0.00,0.00,0,161,405,-244,0.0,a,100
Ekitiké,LIV,FWD,7.4,0.1,0,0.0,0,0,0,0,0.00,0.00,0.00,0.00,0,175,554,-379,0.0,i,0
Kovačić,MCI,MID,5.4,0.1,2,0.5,42,0,0,0,0.00,0.02,0.02,0.10,2,108,432,-324,0.0,a,
Mukasa,MCI,MID,4.5,0.1,0,0.0,0,0,0,0,0.00,0.00,0.00,0.00,0,0,726,-726,0.0,u,0
McAidoo,MCI,MID,4.5,0.1,2,0.7,11,0,0,0,0.10,0.00,0.10,0.02,4,555,862,-307,0.0,a,
Baleba,MUN,MID,4.9,0.1,0,0.0,0,0,0,0,0.00,0.00,0.00,0.00,0,254,810,-556,-0.1,i,0
Heaton,MUN,GKP,4.0,0.1,0,0.0,0,0,0,0,0.00,0.00,0.00,0.00,0,126,175,-49,0.0,i,0
Lacey,MUN,MID,4.9,0.1,1,0.2,10,0,0,0,0.00,0.00,0.00,0.00,1,71,258,-187,0.0,a,
Livramento,NEW,DEF,4.9,0.1,1,0.2,1,0,0,0,0.00,0.00,0.00,0.02,0,1087,330,757,0.0,a,100
A.Murphy,NEW,DEF,4.0,0.1,0,0.0,0,0,0,0,0.00,0.00,0.00,0.00,0,0,284,-284,0.0,u,0
J.Murphy,NEW,MID,5.9,0.1,2,0.5,89,1,0,0,0.00,0.33,0.33,2.81,10,363,562,-199,0.0,a,
L.Miley,NEW,MID,5.5,0.1,7,1.8,281,4,0,0,0.05,0.08,0.13,5.74,34,311,351,-40,0.0,a,100
Touré,NEW,MID,5.8,0.1,1,0.2,1,0,0,0,0.00,0.00,0.00,0.00,0,147,695,-548,0.0,a,
Steur,NEW,MID,4.9,0.1,4,1.0,122,1,0,0,0.00,0.01,0.01,2.96,12,109,387,-278,0.0,a,
Bamba,NEW,MID,4.9,0.1,1,0.2,14,0,0,0,0.00,0.00,0.00,1.04,2,136,410,-274,0.0,a,
Fernandez-Pardo,NEW,FWD,6.0,0.1,2,1.0,81,1,0,0,0.00,0.01,0.01,1.39,3,1331,574,757,0.0,a,
John,NFO,GKP,4.5,0.1,0,0.0,0,0,0,0,0.00,0.00,0.00,0.00,0,61,130,-69,0.0,a,
Bindon,NFO,DEF,4.0,0.1,0,0.0,0,0,0,0,0.00,0.00,0.00,0.00,0,0,560,-560,0.0,u,0
Hutchinson,NFO,MID,5.4,0.1,0,0.0,0,0,0,0,0.00,0.00,0.00,0.00,0,0,494,-494,0.0,u,0
McAtee,NFO,MID,5.5,0.1,10,2.5,334,4,0,0,0.16,0.92,1.08,3.88,35,994,519,475,0.0,a,
Dominguez,NFO,MID,4.9,0.1,1,0.2,1,0,0,0,0.00,0.00,0.00,0.00,0,99,290,-191,0.0,a,
Kalimuendo,NFO,FWD,5.4,0.1,1,0.2,1,0,0,0,0.00,0.00,0.00,0.00,0,219,334,-115,0.0,a,
Schlager,NFO,MID,5.0,0.1,11,2.8,286,3,0,0,0.14,0.08,0.22,3.76,42,880,413,467,0.0,a,
Benda,NFO,GKP,4.5,0.1,0,0.0,0,0,0,0,0.00,0.00,0.00,0.00,0,167,206,-39,0.0,a,
Vicario,TOT,GKP,4.5,0.1,0,0.0,0,0,0,0,0.00,0.00,0.00,0.00,0,0,827,-827,0.0,u,0
Romero,TOT,DEF,5.0,0.1,0,0.0,0,0,0,0,0.00,0.00,0.00,0.00,0,0,300,-300,0.0,u,0
Byfield,TOT,DEF,4.0,0.1,0,0.0,0,0,0,0,0.00,0.00,0.00,0.00,0,239,220,19,0.0,a,
Rowswell,TOT,DEF,4.0,0.1,0,0.0,0,0,0,0,0.00,0.00,0.00,0.00,0,277,271,6,0.0,a,
Kudus,TOT,MID,6.5,0.1,3,0.8,78,0,0,0,0.04,0.22,0.26,1.11,7,664,1145,-481,0.0,a,100
P.M.Sarr,TOT,MID,4.9,0.1,0,0.0,0,0,0,0,0.00,0.00,0.00,0.00,0,0,1000,-1000,0.0,u,0
Moore,TOT,MID,5.0,0.1,3,0.8,89,1,0,0,0.40,0.02,0.42,3.26,3,0,807,-807,0.0,u,0
Mudryk,TOT,MID,5.4,0.1,1,0.2,16,0,0,0,0.00,0.00,0.00,0.16,0,17,1191,-1174,0.0,i,0
Williams-Barnett,TOT,MID,4.5,0.1,0,0.0,0,0,0,0,0.00,0.00,0.00,0.00,0,326,722,-396,0.0,a,
Patterson,SUN,GKP,4.0,0.1,0,0.0,0,0,0,0,0.00,0.00,0.00,0.00,0,0,370,-370,0.0,u,0
Ellborg,SUN,GKP,4.5,0.1,0,0.0,0,0,0,0,0.00,0.00,0.00,0.00,0,52,192,-140,0.0,a,
Masuaku,SUN,DEF,4.0,0.1,0,0.0,0,0,0,0,0.00,0.00,0.00,0.00,0,0,589,-589,0.0,u,0
Talbi,SUN,MID,5.3,0.1,1,0.2,31,0,0,0,0.00,0.00,0.00,0.14,2,98,694,-596,-0.1,a,
N.Angulo,SUN,MID,5.0,0.1,12,3.0,254,4,1,0,0.15,0.12,0.27,3.81,20,332,863,-531,0.0,a,
Meslier,ARS,GKP,4.9,0.0,0,0.0,0,0,0,0,0.00,0.00,0.00,0.00,0,36,92,-56,0.0,a,
Nwaneri,ARS,MID,5.4,0.0,0,0.0,0,0,0,0,0.00,0.00,0.00,0.00,0,0,65,-65,0.0,u,0
Fábio Vieira,ARS,MID,5.5,0.0,0,0.0,0,0,0,0,0.00,0.00,0.00,0.00,0,0,41,-41,0.0,u,0
Nelson,ARS,MID,5.5,0.0,0,0.0,0,0,0,0,0.00,0.00,0.00,0.00,0,0,23,-23,0.0,u,0
Onana,AVL,MID,4.9,0.0,0,0.0,0,0,0,0,0.00,0.00,0.00,0.00,0,29,95,-66,-0.1,i,0
Iling Jr,AVL,MID,5.0,0.0,0,0.0,0,0,0,0,0.00,0.00,0.00,0.00,0,0,11,-11,0.0,u,0
Alysson,AVL,MID,5.0,0.0,8,2.0,87,0,1,0,0.06,0.00,0.06,2.40,8,669,193,476,0.0,a,
Gomes,AVL,MID,5.5,0.0,-2,-0.5,39,1,0,0,0.00,0.01,0.01,2.58,7,201,106,95,0.0,a,100
Goretzka,AVL,MID,6.0,0.0,0,0.0,0,0,0,0,0.00,0.00,0.00,0.00,0,24,788,-764,0.0,i,0
Harwood-Bellis,AVL,DEF,4.5,0.0,0,0.0,0,0,0,0,0.00,0.00,0.00,0.00,0,129,158,-29,0.0,a,
Milosavljević,BOU,DEF,4.9,0.0,0,0.0,0,0,0,0,0.00,0.00,0.00,0.00,0,17,37,-20,-0.1,i,0
J.Araujo,BOU,DEF,4.4,0.0,0,0.0,0,0,0,0,0.00,0.00,0.00,0.00,0,25,59,-34,0.0,i,0
Christie,BOU,MID,5.0,0.0,3,0.8,28,0,0,0,0.00,0.12,0.12,0.24,9,213,269,-56,0.0,a,100
Tóth.A,BOU,MID,5.0,0.0,1,0.2,15,0,0,0,0.00,0.00,0.00,0.31,2,23,50,-27,0.0,a,
Adli,BOU,MID,4.9,0.0,0,0.0,0,0,0,0,0.00,0.00,0.00,0.00,0,11,108,-97,0.0,i,0
Enes Ünal,BOU,FWD,5.5,0.0,0,0.0,0,0,0,0,0.00,0.00,0.00,0.00,0,0,47,-47,0.0,u,0
Di Gregorio,BOU,GKP,4.5,0.0,0,0.0,0,0,0,0,0.00,0.00,0.00,0.00,0,153,240,-87,0.0,a,
Ji-soo,BRE,DEF,4.5,0.0,0,0.0,0,0,0,0,0.00,0.00,0.00,0.00,0,29,67,-38,0.0,a,
Milambo,BRE,MID,5.0,0.0,0,0.0,0,0,0,0,0.00,0.00,0.00,0.00,0,8,10,-2,0.0,i,0
Carvalho,BRE,MID,5.0,0.0,0,0.0,0,0,0,0,0.00,0.00,0.00,0.00,0,83,140,-57,0.0,a,100
Dasilva,BRE,MID,4.9,0.0,0,0.0,0,0,0,0,0.00,0.00,0.00,0.00,0,3,126,-123,0.0,i,0
Nunes,BRE,MID,4.5,0.0,0,0.0,0,0,0,0,0.00,0.00,0.00,0.00,0,1105,202,903,0.0,a,
Coppola,BHA,DEF,4.5,0.0,0,0.0,0,0,0,0,0.00,0.00,0.00,0.00,0,96,95,1,0.0,a,
Igor,BHA,DEF,4.5,0.0,0,0.0,0,0,0,0,0.00,0.00,0.00,0.00,0,0,388,-388,0.0,u,0
Costinha,BHA,DEF,4.5,0.0,3,0.8,54,0,0,0,0.12,0.16,0.28,0.28,6,71,115,-44,0.0,a,
Mitoma,BHA,MID,5.9,0.0,0,0.0,0,0,0,0,0.00,0.00,0.00,0.00,0,24,132,-108,0.0,i,0
Minteh,BHA,MID,5.9,0.0,0,0.0,0,0,0,0,0.00,0.00,0.00,0.00,0,11,220,-209,0.0,i,0
Buonanotte,BHA,MID,5.0,0.0,0,0.0,0,0,0,0,0.00,0.00,0.00,0.00,0,0,8,-8,0.0,u,0
Howell,BHA,MID,4.5,0.0,0,0.0,0,0,0,0,0.00,0.00,0.00,0.00,0,0,188,-188,0.0,u,0
Watson,BHA,MID,5.0,0.0,0,0.0,0,0,0,0,0.00,0.00,0.00,0.00,0,0,5,-5,0.0,u,0
Yohanna,BHA,MID,4.9,0.0,1,0.2,12,0,0,0,0.00,0.03,0.03,0.00,0,12,551,-539,0.0,i,0
Tzimas,BHA,FWD,5.4,0.0,0,0.0,0,0,0,0,0.00,0.00,0.00,0.00,0,23,34,-11,-0.1,i,0
Ferguson,BHA,FWD,5.0,0.0,0,0.0,0,0,0,0,0.00,0.00,0.00,0.00,0,104,182,-78,0.0,i,0
Osman,BHA,MID,5.0,0.0,3,0.8,40,0,0,0,0.05,0.07,0.12,0.32,4,60,82,-22,0.0,a,
Hadjam,BHA,DEF,4.5,0.0,0,0.0,0,0,0,0,0.00,0.00,0.00,0.00,0,145,289,-144,0.0,a,
Cozier-Duberry,BHA,MID,5.0,0.0,0,0.0,0,0,0,0,0.00,0.00,0.00,0.00,0,0,7,-7,0.0,u,0
Andrés,BHA,MID,5.5,0.0,4,2.0,25,0,0,1,0.24,0.01,0.25,0.22,4,145,78,67,0.0,a,
Azeez,BHA,MID,5.5,0.0,0,0.0,0,0,0,0,0.00,0.00,0.00,0.00,0,37,15,22,0.0,d,75
Ibrahim,BHA,MID,4.5,0.0,0,0.0,0,0,0,0,0.00,0.00,0.00,0.00,0,532,87,445,0.0,a,
Henderson,CHE,MID,4.9,0.0,0,0.0,0,0,0,0,0.00,0.00,0.00,0.00,0,17,228,-211,0.0,i,0
Jörgensen,CHE,GKP,5.0,0.0,0,0.0,0,0,0,0,0.00,0.00,0.00,0.00,0,0,26,-26,0.0,u,0
B.Badiashile,CHE,DEF,4.5,0.0,0,0.0,0,0,0,0,0.00,0.00,0.00,0.00,0,0,61,-61,0.0,u,0
M.Sarr,CHE,DEF,4.5,0.0,0,0.0,0,0,0,0,0.00,0.00,0.00,0.00,0,0,191,-191,0.0,u,0
Gittens,CHE,MID,5.9,0.0,0,0.0,0,0,0,0,0.00,0.00,0.00,0.00,0,52,198,-146,0.0,a,
Quenda,CHE,MID,5.3,0.0,1,0.2,8,0,0,0,0.00,0.00,0.00,0.09,1,50,265,-215,-0.1,a,100
Anselmino,CHE,DEF,4.5,0.0,0,0.0,0,0,0,0,0.00,0.00,0.00,0.00,0,107,85,22,0.0,a,100
Kesler-Hayden,COV,DEF,4.0,0.0,0,0.0,0,0,0,0,0.00,0.00,0.00,0.00,0,45,176,-131,0.0,i,0
Latibeaudiere,COV,DEF,4.0,0.0,0,0.0,0,0,0,0,0.00,0.00,0.00,0.00,0,69,125,-56,0.0,a,
Brau,COV,DEF,4.0,0.0,0,0.0,0,0,0,0,0.00,0.00,0.00,0.00,0,0,110,-110,0.0,u,0
Eccles,COV,MID,4.9,0.0,0,0.0,0,0,0,0,0.00,0.00,0.00,0.00,0,6,137,-131,0.0,i,0
Markelo,COV,FWD,5.0,0.0,0,0.0,0,0,0,0,0.00,0.00,0.00,0.00,0,0,53,-53,0.0,u,0
Bassette,COV,FWD,4.5,0.0,0,0.0,0,0,0,0,0.00,0.00,0.00,0.00,0,0,135,-135,0.0,u,0
Gboho,COV,MID,5.5,0.0,0,0.0,0,0,0,0,0.00,0.00,0.00,0.00,0,60,12,48,0.0,a,
Guessand,CRY,MID,5.5,0.0,2,0.5,54,0,0,0,0.03,0.03,0.06,0.34,2,130,385,-255,0.0,a,
Sosa,CRY,DEF,4.5,0.0,0,0.0,0,0,0,0,0.00,0.00,0.00,0.00,0,0,129,-129,0.0,u,0
Chadi Riad,CRY,DEF,4.4,0.0,1,0.2,72,1,0,0,0.00,0.01,0.01,0.98,7,10,154,-144,0.0,i,0
Devenny,CRY,MID,5.0,0.0,0,0.0,0,0,0,0,0.00,0.00,0.00,0.00,0,0,53,-53,0.0,u,0
Esse,CRY,MID,5.0,0.0,0,0.0,0,0,0,0,0.00,0.00,0.00,0.00,0,0,189,-189,0.0,u,0
M.França,CRY,MID,4.9,0.0,0,0.0,0,0,0,0,0.00,0.00,0.00,0.00,0,0,327,-327,0.0,u,0
J.Rak-Sakyi,CRY,MID,4.9,0.0,0,0.0,0,0,0,0,0.00,0.00,0.00,0.00,0,0,62,-62,0.0,u,0
Cardines,CRY,DEF,4.5,0.0,0,0.0,0,0,0,0,0.00,0.00,0.00,0.00,0,0,3,-3,0.0,u,0
Uche,CRY,FWD,5.0,0.0,0,0.0,0,0,0,0,0.00,0.00,0.00,0.00,0,0,0,0,0.0,u,0
Gozo,CRY,MID,5.0,0.0,2,0.5,28,0,0,0,0.00,0.00,0.00,0.68,1,38,73,-35,0.0,a,
Ahanor,CRY,DEF,4.5,0.0,3,1.5,90,1,0,0,0.00,0.01,0.01,1.68,11,346,68,278,0.0,a,
Timber,CRY,MID,5.0,0.0,6,3.0,163,2,0,0,0.12,0.03,0.15,4.25,22,632,199,433,0.0,a,
Osorio,CRY,MID,5.5,0.0,1,0.5,1,0,0,0,0.00,0.00,0.00,0.13,1,37,73,-36,0.0,a,
Nørgaard,EVE,MID,4.9,0.0,0,0.0,0,0,0,0,0.00,0.00,0.00,0.00,0,17,315,-298,0.0,i,0
Travers,EVE,GKP,5.0,0.0,0,0.0,0,0,0,0,0.00,0.00,0.00,0.00,0,227,184,43,0.0,a,
King,EVE,GKP,4.5,0.0,0,0.0,0,0,0,0,0.00,0.00,0.00,0.00,0,81,117,-36,0.0,a,
Patterson,EVE,DEF,4.5,0.0,0,0.0,0,0,0,0,0.00,0.00,0.00,0.00,0,0,159,-159,0.0,u,0
Dibling,EVE,MID,5.4,0.0,0,0.0,0,0,0,0,0.00,0.00,0.00,0.00,0,69,144,-75,0.0,a,
Röhl,EVE,MID,4.9,0.0,6,1.5,249,3,0,0,0.00,0.20,0.20,4.52,24,135,397,-262,-0.1,a,
J.Cuenca,FUL,DEF,4.5,0.0,3,0.8,90,1,0,0,0.00,0.03,0.03,2.24,10,35,130,-95,0.0,a,
Kevin,FUL,MID,5.3,0.0,3,0.8,42,0,0,0,0.03,0.12,0.15,0.74,6,244,266,-22,-0.1,a,
Cairney,FUL,MID,5.0,0.0,0,0.0,0,0,0,0,0.00,0.00,0.00,0.00,0,6,19,-13,0.0,i,0
Larsson,FUL,MID,5.0,0.0,2,1.0,24,0,0,0,0.13,0.23,0.36,0.46,2,69,41,28,0.0,a,
Ángel,FUL,MID,5.0,0.0,0,0.0,0,0,0,0,0.00,0.00,0.00,0.00,0,28,30,-2,0.0,a,
Affengruber,FUL,DEF,4.5,0.0,8,4.0,90,1,0,0,0.00,0.00,0.00,1.28,12,1008,161,847,0.0,a,
Iroegbunam,HUL,MID,5.0,0.0,1,0.2,25,0,0,0,0.00,0.00,0.00,0.35,2,194,112,82,0.0,a,100
Cartwright,HUL,GKP,4.0,0.0,0,0.0,0,0,0,0,0.00,0.00,0.00,0.00,0,0,22,-22,0.0,u,0
Lo-Tutala,HUL,GKP,4.0,0.0,0,0.0,0,0,0,0,0.00,0.00,0.00,0.00,0,0,66,-66,0.0,u,0
Drameh,HUL,DEF,4.0,0.0,2,0.5,65,0,0,0,0.05,0.00,0.05,0.87,6,0,305,-305,0.0,u,0
Jacob,HUL,DEF,4.0,0.0,0,0.0,0,0,0,0,0.00,0.00,0.00,0.00,0,0,47,-47,0.0,u,0
Millar,HUL,MID,5.0,0.0,6,1.5,50,0,1,0,0.58,0.00,0.58,0.87,4,0,471,-471,0.0,u,0
Matazo,HUL,MID,4.5,0.0,0,0.0,0,0,0,0,0.00,0.00,0.00,0.00,0,20,32,-12,0.0,i,0
Ömür,HUL,MID,4.9,0.0,0,0.0,0,0,0,0,0.00,0.00,0.00,0.00,0,132,138,-6,0.0,a,
Kamara,HUL,MID,5.0,0.0,0,0.0,0,0,0,0,0.00,0.00,0.00,0.00,0,0,16,-16,0.0,u,0
Akintola,HUL,MID,5.0,0.0,0,0.0,0,0,0,0,0.00,0.00,0.00,0.00,0,0,680,-680,0.0,u,0
Gyabi,HUL,MID,4.5,0.0,0,0.0,0,0,0,0,0.00,0.00,0.00,0.00,0,19,87,-68,0.0,i,0
Burstow,HUL,FWD,4.5,0.0,0,0.0,0,0,0,0,0.00,0.00,0.00,0.00,0,0,177,-177,0.0,u,0
Gelhardt,HUL,MID,5.0,0.0,0,0.0,0,0,0,0,0.00,0.00,0.00,0.00,0,122,96,26,0.0,a,100
Morita,HUL,MID,5.0,0.0,1,0.2,45,1,0,0,0.00,0.00,0.00,1.09,3,5,222,-217,0.0,i,0
Gourna-Douath,HUL,MID,5.0,0.0,3,0.8,126,1,0,0,0.00,0.02,0.02,2.13,16,59,111,-52,0.0,a,
Cho,HUL,MID,5.0,0.0,3,1.0,45,0,0,0,0.52,0.16,0.68,0.82,2,135,97,38,0.0,a,
Ansah,HUL,FWD,5.0,0.0,0,0.0,0,0,0,0,0.00,0.00,0.00,0.00,0,55,631,-576,0.0,i,0
Thomas,HUL,MID,5.5,0.0,2,1.0,57,0,0,0,0.02,0.07,0.09,0.76,5,474,185,289,0.0,a,
Mouzakitis,HUL,MID,5.0,0.0,0,0.0,0,0,0,0,0.00,0.00,0.00,0.00,0,93,43,50,0.0,a,
Matusiwa,IPS,MID,4.9,0.0,0,0.0,0,0,0,0,0.00,0.00,0.00,0.00,0,22,15,7,0.0,a,100
Burns,IPS,MID,5.0,0.0,0,0.0,0,0,0,0,0.00,0.00,0.00,0.00,0,0,11,-11,0.0,u,0
Taylor,IPS,MID,4.5,0.0,0,0.0,0,0,0,0,0.00,0.00,0.00,0.00,0,28,165,-137,0.0,i,0
Ogbene,IPS,MID,4.9,0.0,0,0.0,0,0,0,0,0.00,0.00,0.00,0.00,0,0,67,-67,0.0,u,0
Szmodics,IPS,MID,5.0,0.0,0,0.0,0,0,0,0,0.00,0.00,0.00,0.00,0,0,23,-23,0.0,u,0
Mehmeti,IPS,MID,4.9,0.0,0,0.0,0,0,0,0,0.00,0.00,0.00,0.00,0,15,138,-123,0.0,a,
Van Oevelen,IPS,GKP,4.5,0.0,0,0.0,0,0,0,0,0.00,0.00,0.00,0.00,0,0,104,-104,0.0,u,0
Humphreys,IPS,MID,4.5,0.0,0,0.0,0,0,0,0,0.00,0.00,0.00,0.00,0,0,250,-250,0.0,u,0
Palacios,IPS,MID,5.0,0.0,9,3.0,195,2,0,0,0.00,0.07,0.07,3.23,38,599,288,311,0.0,a,
Bornauw,LEE,DEF,4.5,0.0,0,0.0,0,0,0,0,0.00,0.00,0.00,0.00,0,0,10,-10,0.0,u,0
Gnonto,LEE,MID,5.0,0.0,0,0.0,0,0,0,0,0.00,0.00,0.00,0.00,0,0,78,-78,0.0,u,0
Harrison,LEE,MID,5.0,0.0,0,0.0,0,0,0,0,0.00,0.00,0.00,0.00,0,0,3,-3,0.0,u,0
Gruev,LEE,MID,5.0,0.0,0,0.0,0,0,0,0,0.00,0.00,0.00,0.00,0,5,15,-10,0.0,d,25
Elvedi,LEE,DEF,4.5,0.0,6,1.5,200,2,0,0,0.08,0.57,0.65,3.78,22,222,114,108,0.0,a,
Bard,LEE,DEF,4.5,0.0,0,0.0,0,0,0,0,0.00,0.00,0.00,0.00,0,152,41,111,0.0,a,
Bahoya,LEE,MID,5.0,0.0,0,0.0,0,0,0,0,0.00,0.00,0.00,0.00,0,129,113,16,0.0,a,
Pecsi,LIV,GKP,4.0,0.0,0,0.0,0,0,0,0,0.00,0.00,0.00,0.00,0,0,45,-45,0.0,u,0
Jaros,LIV,GKP,4.0,0.0,0,0.0,0,0,0,0,0.00,0.00,0.00,0.00,0,88,53,35,0.0,i,0
Gomez,LIV,DEF,4.9,0.0,0,0.0,0,0,0,0,0.00,0.00,0.00,0.00,0,15,68,-53,-0.1,d,75
Bradley,LIV,DEF,5.0,0.0,0,0.0,0,0,0,0,0.00,0.00,0.00,0.00,0,17,53,-36,0.0,i,0
Leoni,LIV,DEF,4.0,0.0,0,0.0,0,0,0,0,0.00,0.00,0.00,0.00,0,64,158,-94,0.0,i,0
Chiesa,LIV,MID,5.4,0.0,0,0.0,0,0,0,0,0.00,0.00,0.00,0.00,0,9,328,-319,0.0,i,0
C.Jones,LIV,MID,5.5,0.0,0,0.0,0,0,0,0,0.00,0.00,0.00,0.00,0,0,71,-71,0.0,u,0
Nyoni,LIV,MID,4.9,0.0,2,0.5,19,0,0,0,0.00,0.00,0.00,0.22,5,70,243,-173,0.0,a,
Bajcetic,LIV,MID,5.0,0.0,0,0.0,0,0,0,0,0.00,0.00,0.00,0.00,0,0,3,-3,0.0,u,0
Koumas,LIV,MID,5.0,0.0,2,0.5,13,0,0,0,0.03,0.00,0.03,0.58,1,72,117,-45,0.0,a,
Elliott,LIV,MID,5.4,0.0,0,0.0,0,0,0,0,0.00,0.00,0.00,0.00,0,0,297,-297,0.0,u,0
Bettinelli,MCI,GKP,4.5,0.0,0,0.0,0,0,0,0,0.00,0.00,0.00,0.00,0,34,81,-47,0.0,a,
Alleyne,MCI,DEF,5.0,0.0,0,0.0,0,0,0,0,0.00,0.00,0.00,0.00,0,0,16,-16,0.0,u,0
Vitor Reis,MCI,DEF,4.5,0.0,1,0.2,1,0,0,0,0.00,0.00,0.00,0.00,0,78,108,-30,0.0,a,
Rodrigo,MCI,MID,6.5,0.0,0,0.0,0,0,0,0,0.00,0.00,0.00,0.00,0,0,29,-29,0.0,u,0
Reijnders,MCI,MID,6.0,0.0,0,0.0,0,0,0,0,0.00,0.00,0.00,0.00,0,0,112,-112,0.0,u,0
Echeverri,MCI,MID,4.9,0.0,0,0.0,0,0,0,0,0.00,0.00,0.00,0.00,0,0,68,-68,0.0,u,0
Phillips,MCI,MID,5.0,0.0,0,0.0,0,0,0,0,0.00,0.00,0.00,0.00,0,0,18,-18,0.0,u,0
Monga,MCI,MID,4.9,0.0,0,0.0,0,0,0,0,0.00,0.00,0.00,0.00,0,0,57,-57,0.0,u,0
Rulli,MCI,GKP,5.0,0.0,0,0.0,0,0,0,0,0.00,0.00,0.00,0.00,0,65,77,-12,0.0,a,
Allan,MCI,MID,6.0,0.0,0,0.0,0,0,0,0,0.00,0.00,0.00,0.00,0,101,88,13,0.0,a,
Samba,MCI,MID,4.5,0.0,0,0.0,0,0,0,0,0.00,0.00,0.00,0.00,0,328,413,-85,0.0,a,
Darlow,MUN,GKP,4.5,0.0,0,0.0,0,0,0,0,0.00,0.00,0.00,0.00,0,77,126,-49,0.0,a,100
Bayindir,MUN,GKP,4.5,0.0,0,0.0,0,0,0,0,0.00,0.00,0.00,0.00,0,0,44,-44,0.0,u,0
De Ligt,MUN,DEF,5.0,0.0,0,0.0,0,0,0,0,0.00,0.00,0.00,0.00,0,37,103,-66,0.0,i,0
Fredricson,MUN,DEF,4.0,0.0,0,0.0,0,0,0,0,0.00,0.00,0.00,0.00,0,0,58,-58,0.0,u,0
Mount,MUN,MID,5.4,0.0,0,0.0,0,0,0,0,0.00,0.00,0.00,0.00,0,125,112,13,0.0,a,100
Ugarte,MUN,MID,5.0,0.0,0,0.0,0,0,0,0,0.00,0.00,0.00,0.00,0,9,14,-5,0.0,i,0
J.Fletcher,MUN,MID,4.9,0.0,0,0.0,0,0,0,0,0.00,0.00,0.00,0.00,0,27,63,-36,0.0,a,
Collyer,MUN,MID,5.0,0.0,0,0.0,0,0,0,0,0.00,0.00,0.00,0.00,0,0,54,-54,0.0,u,0
Gillespie,NEW,GKP,4.5,0.0,0,0.0,0,0,0,0,0.00,0.00,0.00,0.00,0,72,79,-7,0.0,a,
Jaouen,NEW,GKP,4.5,0.0,0,0.0,0,0,0,0,0.00,0.00,0.00,0.00,0,10,109,-99,0.0,d,50
Joelinton,NEW,MID,5.4,0.0,0,0.0,0,0,0,0,0.00,0.00,0.00,0.00,0,11,82,-71,0.0,i,0
Morato,NFO,DEF,5.0,0.0,0,0.0,0,0,0,0,0.00,0.00,0.00,0.00,0,0,190,-190,0.0,u,0
Savona,NFO,DEF,4.5,0.0,0,0.0,0,0,0,0,0.00,0.00,0.00,0.00,0,6,8,-2,0.0,i,0
Netz,NFO,DEF,4.4,0.0,2,0.5,20,0,0,0,0.00,0.00,0.00,0.13,1,72,140,-68,-0.1,a,
Bakwa,NFO,MID,5.5,0.0,0,0.0,0,0,0,0,0.00,0.00,0.00,0.00,0,0,30,-30,0.0,u,0
Phillips,TOT,DEF,4.5,0.0,0,0.0,0,0,0,0,0.00,0.00,0.00,0.00,0,0,42,-42,0.0,u,0
Xavi,TOT,MID,5.9,0.0,0,0.0,0,0,0,0,0.00,0.00,0.00,0.00,0,24,62,-38,0.0,i,0
Odobert,TOT,MID,5.5,0.0,0,0.0,0,0,0,0,0.00,0.00,0.00,0.00,0,10,7,3,0.0,i,0
Kulusevski,TOT,MID,6.5,0.0,0,0.0,0,0,0,0,0.00,0.00,0.00,0.00,0,29,36,-7,0.0,i,0
Seelt,SUN,DEF,4.5,0.0,0,0.0,0,0,0,0,0.00,0.00,0.00,0.00,0,0,21,-21,0.0,u,0
Hjelde,SUN,DEF,4.0,0.0,0,0.0,0,0,0,0,0.00,0.00,0.00,0.00,0,0,125,-125,0.0,u,0
Diarra,SUN,MID,5.4,0.0,5,1.2,28,0,0,1,0.03,0.16,0.19,0.12,0,2,273,-271,0.0,i,0
Adingra,SUN,MID,4.9,0.0,0,0.0,0,0,0,0,0.00,0.00,0.00,0.00,0,0,276,-276,0.0,u,0
Mundle,SUN,MID,4.9,0.0,1,0.2,1,0,0,0,0.17,0.00,0.17,0.09,1,7,60,-53,0.0,i,0
Rigg,SUN,MID,4.9,0.0,2,0.5,17,0,0,0,0.00,0.00,0.00,0.44,1,24,191,-167,0.0,a,
Jocelin.T,SUN,MID,5.0,0.0,0,0.0,0,0,0,0,0.00,0.00,0.00,0.00,0,27,29,-2,0.0,a,
Methalie,SUN,DEF,4.5,0.0,0,0.0,0,0,0,0,0.00,0.00,0.00,0.00,0,60,33,27,0.0,a,100
Fofana,SUN,MID,5.5,0.0,2,1.0,30,0,0,0,0.00,0.00,0.00,1.18,0,228,276,-48,0.0,a,
